                                      1 ;--------------------------------------------------------
                                      2 ; File Created by SDCC : free open source ISO C Compiler
                                      3 ; Version 4.6.0 #16555 (Mac OS X ppc)
                                      4 ;--------------------------------------------------------
                                      5 	.module smram
                                      6 	
                                      7 	.optsdcc -mz80 sdcccall(1)
                                      8 ;--------------------------------------------------------
                                      9 ; Public variables in this module
                                     10 ;--------------------------------------------------------
                                     11 	.globl _main
                                     12 	.globl _print_mapper_type
                                     13 	.globl _runROM_Reset_end
                                     14 	.globl _runROM_Reset
                                     15 	.globl _runROM_page3_end
                                     16 	.globl _runROM_page3
                                     17 	.globl _runROM_page2_end
                                     18 	.globl _runROM_page2
                                     19 	.globl _runROM_page0_end
                                     20 	.globl _runROM_page0
                                     21 	.globl _runROM_page1_end
                                     22 	.globl _runROM_page1
                                     23 	.globl _jump
                                     24 	.globl _hexToNum
                                     25 	.globl _dos2_getenv
                                     26 	.globl _dos2_read
                                     27 	.globl _dos2_close
                                     28 	.globl _dos2_open
                                     29 	.globl _chgcpu
                                     30 	.globl _rdslt
                                     31 	.globl _enaslt
                                     32 	.globl _to_upper
                                     33 	.globl _fputs
                                     34 	.globl _bdos_c_rawio
                                     35 	.globl _bdos_c_write
                                     36 	.globl _bdos
                                     37 	.globl _printf
                                     38 	.globl _opll_vol
                                     39 	.globl _psg_vol
                                     40 	.globl _scc_vol
                                     41 	.globl _help
                                     42 	.globl _loadpage
                                     43 	.globl _startpage
                                     44 	.globl _cpumode
                                     45 	.globl _breakpointAddressSpecified
                                     46 	.globl _stepDebug
                                     47 	.globl _exitAfterLoad
                                     48 	.globl _linearHeaderValid
                                     49 	.globl _headerValid
                                     50 	.globl _mapperSpecified
                                     51 	.globl _softReset
                                     52 	.globl _presAB
                                     53 	.globl _paramlen
                                     54 	.globl _megaram_type
                                     55 	.globl _filename
                                     56 	.globl _found
                                     57 	.globl _c
                                     58 	.globl _linearRomstart
                                     59 	.globl _breakpointAddress
                                     60 	.globl _romstart
                                     61 	.globl _path
                                     62 	.globl _slotid
                                     63 	.globl _romsize
                                     64 	.globl _page
                                     65 	.globl _addr
                                     66 	.globl _i
                                     67 	.globl _bytes_read
                                     68 	.globl _handle
                                     69 	.globl _params
                                     70 	.globl _t
                                     71 	.globl _s
                                     72 	.globl _b
                                     73 	.globl _sslt
                                     74 	.globl _cursslt
                                     75 	.globl _curslt
                                     76 	.globl _putchar
                                     77 	.globl _getchar
                                     78 ;--------------------------------------------------------
                                     79 ; special function registers
                                     80 ;--------------------------------------------------------
                         0000008E    81 _MEGA_PORT0	=	0x008e
                         0000008F    82 _MEGA_PORT1	=	0x008f
                         000000A8    83 _PPIA	=	0x00a8
                                     84 ;--------------------------------------------------------
                                     85 ; ram data
                                     86 ;--------------------------------------------------------
                                     87 	.area _DATA
    00000000                         88 _curslt::
    00000000                         89 	.ds 1
    00000001                         90 _cursslt::
    00000001                         91 	.ds 1
    00000002                         92 _sslt::
    00000002                         93 	.ds 1
    00000003                         94 _b::
    00000003                         95 	.ds 1
    00000004                         96 _s::
    00000004                         97 	.ds 2
    00000006                         98 _t::
    00000006                         99 	.ds 2
    00000008                        100 _params::
    00000008                        101 	.ds 2
    0000000A                        102 _handle::
    0000000A                        103 	.ds 1
    0000000B                        104 _bytes_read::
    0000000B                        105 	.ds 2
    0000000D                        106 _i::
    0000000D                        107 	.ds 2
    0000000F                        108 _addr::
    0000000F                        109 	.ds 2
    00000011                        110 _page::
    00000011                        111 	.ds 1
    00000012                        112 _romsize::
    00000012                        113 	.ds 4
    00000016                        114 _slotid::
    00000016                        115 	.ds 1
    00000017                        116 _path::
    00000017                        117 	.ds 256
    00000117                        118 _romstart::
    00000117                        119 	.ds 2
    00000119                        120 _breakpointAddress::
    00000119                        121 	.ds 2
    0000011B                        122 _linearRomstart::
    0000011B                        123 	.ds 2
    0000011D                        124 _c::
    0000011D                        125 	.ds 1
                                    126 ;--------------------------------------------------------
                                    127 ; ram data
                                    128 ;--------------------------------------------------------
                                    129 	.area _INITIALIZED
    00000000                        130 _found::
    00000000                        131 	.ds 1
    00000001                        132 _filename::
    00000001                        133 	.ds 2
    00000003                        134 _megaram_type::
    00000003                        135 	.ds 2
    00000005                        136 _paramlen::
    00000005                        137 	.ds 1
    00000006                        138 _presAB::
    00000006                        139 	.ds 1
    00000007                        140 _softReset::
    00000007                        141 	.ds 1
    00000008                        142 _mapperSpecified::
    00000008                        143 	.ds 1
    00000009                        144 _headerValid::
    00000009                        145 	.ds 1
    0000000A                        146 _linearHeaderValid::
    0000000A                        147 	.ds 1
    0000000B                        148 _exitAfterLoad::
    0000000B                        149 	.ds 1
    0000000C                        150 _stepDebug::
    0000000C                        151 	.ds 1
    0000000D                        152 _breakpointAddressSpecified::
    0000000D                        153 	.ds 1
    0000000E                        154 _cpumode::
    0000000E                        155 	.ds 1
    0000000F                        156 _startpage::
    0000000F                        157 	.ds 1
    00000010                        158 _loadpage::
    00000010                        159 	.ds 1
    00000011                        160 _help::
    00000011                        161 	.ds 1
    00000012                        162 _scc_vol::
    00000012                        163 	.ds 1
    00000013                        164 _psg_vol::
    00000013                        165 	.ds 1
    00000014                        166 _opll_vol::
    00000014                        167 	.ds 1
                                    168 ;--------------------------------------------------------
                                    169 ; absolute ram data
                                    170 ;--------------------------------------------------------
                                    171 	.area _DABS (ABS)
                                    172 	.area _DABS (ABS)
                                    173 ;--------------------------------------------------------
                                    174 ; global & static initialisations
                                    175 ;--------------------------------------------------------
                                    176 	.area _HOME
                                    177 	.area _GSINIT
                                    178 	.area _GSFINAL
                                    179 	.area _GSINIT
                                    180 ;--------------------------------------------------------
                                    181 ; Home
                                    182 ;--------------------------------------------------------
                                    183 	.area _HOME
                                    184 	.area _HOME
                                    185 ;--------------------------------------------------------
                                    186 ; code
                                    187 ;--------------------------------------------------------
                                    188 	.area _CODE
                                    189 ;smram.c:45: void bdos() __naked
                                    190 ;	---------------------------------
                                    191 ; Function bdos
                                    192 ; ---------------------------------
    00000000                        193 _bdos::
                                    194 ;smram.c:54: __endasm;
    00000000 DD E5            [15]  195 	push ix
    00000002 FD E5            [15]  196 	push iy
    00000004 CD 05 00         [17]  197 	call 5
    00000007 FD E1            [14]  198 	pop iy
    00000009 DD E1            [14]  199 	pop ix
    0000000B C9               [10]  200 	ret
                                    201 ;smram.c:55: }
                                    202 ;smram.c:57: void bdos_c_write(uchar c) __naked
                                    203 ;	---------------------------------
                                    204 ; Function bdos_c_write
                                    205 ; ---------------------------------
    0000000C                        206 _bdos_c_write::
                                    207 ;smram.c:67: __endasm;
    0000000C 5F               [ 4]  208 	ld e,a
    0000000D 0E 02            [ 7]  209 	ld c,#2
    0000000F CDr00r00         [17]  210 	call _bdos
    00000012 C9               [10]  211 	ret
                                    212 ;smram.c:68: }
                                    213 ;smram.c:70: uchar bdos_c_rawio() __naked
                                    214 ;	---------------------------------
                                    215 ; Function bdos_c_rawio
                                    216 ; ---------------------------------
    00000013                        217 _bdos_c_rawio::
                                    218 ;smram.c:79: __endasm;
    00000013 1E FF            [ 7]  219 	ld e,#0xFF;
    00000015 0E 06            [ 7]  220 	ld c,#6
    00000017 CDr00r00         [17]  221 	call _bdos
    0000001A C9               [10]  222 	ret
                                    223 ;smram.c:80: }
                                    224 ;smram.c:82: int putchar(int c) 
                                    225 ;	---------------------------------
                                    226 ; Function putchar
                                    227 ; ---------------------------------
    0000001B                        228 _putchar::
    0000001B EB               [ 4]  229 	ex	de, hl
                                    230 ;smram.c:84: if (c >= 0)
    0000001C CB 7A            [ 8]  231 	bit	7, d
    0000001E C0               [11]  232 	ret	nz
                                    233 ;smram.c:85: bdos_c_write((char)c);
    0000001F 7B               [ 4]  234 	ld	a, e
    00000020 D5               [11]  235 	push	de
    00000021 CDr0Cr00         [17]  236 	call	_bdos_c_write
    00000024 D1               [10]  237 	pop	de
                                    238 ;smram.c:86: return c;
                                    239 ;smram.c:87: }
    00000025 C9               [10]  240 	ret
                                    241 ;smram.c:89: int getchar()
                                    242 ;	---------------------------------
                                    243 ; Function getchar
                                    244 ; ---------------------------------
    00000026                        245 _getchar::
                                    246 ;smram.c:92: do {
    00000026                        247 00101$:
                                    248 ;smram.c:93: c = bdos_c_rawio();
    00000026 CDr13r00         [17]  249 	call	_bdos_c_rawio
    00000029 5F               [ 4]  250 	ld	e, a
                                    251 ;smram.c:94: } while(c == 0);
    0000002A B7               [ 4]  252 	or	a, a
    0000002B 28 F9            [12]  253 	jr	z, 00101$
                                    254 ;smram.c:95: return (int)c;
    0000002D 16 00            [ 7]  255 	ld	d, #0x00
                                    256 ;smram.c:96: }
    0000002F C9               [10]  257 	ret
                                    258 ;smram.c:98: void fputs(const char *s)
                                    259 ;	---------------------------------
                                    260 ; Function fputs
                                    261 ; ---------------------------------
    00000030                        262 _fputs::
                                    263 ;smram.c:100: while(*s != NULL)
    00000030                        264 00101$:
    00000030 7E               [ 7]  265 	ld	a, (hl)
    00000031 B7               [ 4]  266 	or	a, a
    00000032 C8               [11]  267 	ret	z
                                    268 ;smram.c:101: putchar(*s++);
    00000033 23               [ 6]  269 	inc	hl
    00000034 0E 00            [ 7]  270 	ld	c, #0x00
    00000036 E5               [11]  271 	push	hl
    00000037 6F               [ 4]  272 	ld	l, a
    00000038 61               [ 4]  273 	ld	h, c
    00000039 CDr1Br00         [17]  274 	call	_putchar
    0000003C E1               [10]  275 	pop	hl
                                    276 ;smram.c:102: }
    0000003D 18 F1            [12]  277 	jr	00101$
                                    278 ;smram.c:104: char to_upper(char c)
                                    279 ;	---------------------------------
                                    280 ; Function to_upper
                                    281 ; ---------------------------------
    0000003F                        282 _to_upper::
                                    283 ;smram.c:106: if (c >= 'a' && c <= 'z')
    0000003F FE 61            [ 7]  284 	cp	a, #0x61
    00000041 D8               [11]  285 	ret	c
    00000042 FE 7B            [ 7]  286 	cp	a, #0x7b
    00000044 D0               [11]  287 	ret	nc
                                    288 ;smram.c:107: c = c - ('a'-'A');
    00000045 C6 E0            [ 7]  289 	add	a, #0xe0
                                    290 ;smram.c:108: return c;
                                    291 ;smram.c:109: }
    00000047 C9               [10]  292 	ret
                                    293 ;smram.c:111: void enaslt(uchar slotid, uint addr) __naked
                                    294 ;	---------------------------------
                                    295 ; Function enaslt
                                    296 ; ---------------------------------
    00000048                        297 _enaslt::
                                    298 ;smram.c:133: __endasm;
    00000048 F5               [11]  299 	push af
    00000049 C5               [11]  300 	push bc
    0000004A D5               [11]  301 	push de
    0000004B E5               [11]  302 	push hl
    0000004C DD E5            [15]  303 	push ix
    0000004E FD E5            [15]  304 	push iy
    00000050 EB               [ 4]  305 	ex de,hl
    00000051 CD 24 00         [17]  306 	call #0x0024
    00000054 FD E1            [14]  307 	pop iy
    00000056 DD E1            [14]  308 	pop ix
    00000058 E1               [10]  309 	pop hl
    00000059 D1               [10]  310 	pop de
    0000005A C1               [10]  311 	pop bc
    0000005B F1               [10]  312 	pop af
    0000005C C9               [10]  313 	ret
                                    314 ;smram.c:134: }
                                    315 ;smram.c:136: uchar rdslt(uchar slotid, uint addr) __naked
                                    316 ;	---------------------------------
                                    317 ; Function rdslt
                                    318 ; ---------------------------------
    0000005D                        319 _rdslt::
                                    320 ;smram.c:151: __endasm;
    0000005D C5               [11]  321 	push bc
    0000005E D5               [11]  322 	push de
    0000005F EB               [ 4]  323 	ex de,hl
    00000060 CD 0C 00         [17]  324 	call #0x000C
    00000063 EB               [ 4]  325 	ex de,hl
    00000064 D1               [10]  326 	pop de
    00000065 C1               [10]  327 	pop bc
    00000066 C9               [10]  328 	ret
                                    329 ;smram.c:152: }
                                    330 ;smram.c:154: void chgcpu(uchar mode) __naked
                                    331 ;	---------------------------------
                                    332 ; Function chgcpu
                                    333 ; ---------------------------------
    00000067                        334 _chgcpu::
                                    335 ;smram.c:184: __endasm;
    00000067 C5               [11]  336 	push bc
    00000068 D5               [11]  337 	push de
    00000069 F5               [11]  338 	push af
    0000006A 3A C1 FC         [13]  339 	ld a,(0xFCC1)
    0000006D 21 80 01         [10]  340 	ld hl,#0x0180
    00000070 CD 0C 00         [17]  341 	call #0x000C
    00000073 FE C3            [ 7]  342 	cp #0xC3
    00000075 20 0E            [12]  343 	jr nz,__no_turbo
    00000077 78               [ 4]  344 	ld a,b
    00000078 F1               [10]  345 	pop af
    00000079 FD 2A C0 FC      [20]  346 	ld iy,(0xFCC1 -1)
    0000007D DD 21 80 01      [14]  347 	ld ix,#0x0180
    00000081 CD 1C 00         [17]  348 	call #0x001C
    00000084 F5               [11]  349 	push af
    00000085                        350 __no_turbo:
    00000085 F1               [10]  351 	pop af
    00000086 D1               [10]  352 	pop de
    00000087 C1               [10]  353 	pop bc
    00000088 C9               [10]  354 	ret
                                    355 ;smram.c:185: }
                                    356 ;smram.c:202: FHANDLE dos2_open(uchar mode, const char* filepath) __naked
                                    357 ;	---------------------------------
                                    358 ; Function dos2_open
                                    359 ; ---------------------------------
    00000089                        360 _dos2_open::
                                    361 ;smram.c:220: __endasm;
    00000089 C5               [11]  362 	push bc
    0000008A D5               [11]  363 	push de
    0000008B E5               [11]  364 	push hl
    0000008C 0E 43            [ 7]  365 	ld c,#0x43
    0000008E CD 05 00         [17]  366 	call 5
    00000091 B7               [ 4]  367 	or a
    00000092 28 02            [12]  368 	jr z,__open_no_err
    00000094 06 00            [ 7]  369 	ld b,#0
    00000096                        370 __open_no_err:
    00000096 78               [ 4]  371 	ld a,b
    00000097 E1               [10]  372 	pop hl
    00000098 D1               [10]  373 	pop de
    00000099 C1               [10]  374 	pop bc
    0000009A C9               [10]  375 	ret
                                    376 ;smram.c:221: }
                                    377 ;smram.c:223: void dos2_close(FHANDLE hnd) __naked
                                    378 ;	---------------------------------
                                    379 ; Function dos2_close
                                    380 ; ---------------------------------
    0000009B                        381 _dos2_close::
                                    382 ;smram.c:233: __endasm;
    0000009B C5               [11]  383 	push bc
    0000009C 78               [ 4]  384 	ld a,b
    0000009D 0E 45            [ 7]  385 	ld c,#0x45
    0000009F CD 05 00         [17]  386 	call 5
    000000A2 C1               [10]  387 	pop bc
    000000A3 C9               [10]  388 	ret
                                    389 ;smram.c:234: }
                                    390 ;smram.c:236: uint dos2_read(FHANDLE hnd, void *dst, uint size) __naked
                                    391 ;	---------------------------------
                                    392 ; Function dos2_read
                                    393 ; ---------------------------------
    000000A4                        394 _dos2_read::
                                    395 ;smram.c:256: __endasm;	
    000000A4 DD E5            [15]  396 	push ix
    000000A6 DD 21 00 00      [14]  397 	ld ix,#0
    000000AA DD 39            [15]  398 	add ix,sp
    000000AC C5               [11]  399 	push bc
    000000AD 47               [ 4]  400 	ld b,a
    000000AE DD 6E 04         [19]  401 	ld l, 4 (ix)
    000000B1 DD 66 05         [19]  402 	ld h, 5 (ix)
    000000B4 0E 48            [ 7]  403 	ld c,#0x48
    000000B6 CD 05 00         [17]  404 	call 5
    000000B9 C1               [10]  405 	pop bc
    000000BA DD E1            [14]  406 	pop ix
    000000BC EB               [ 4]  407 	ex de,hl
    000000BD C9               [10]  408 	ret
                                    409 ;smram.c:257: }
                                    410 ;smram.c:259: uchar dos2_getenv(char *var, char *buf) __naked
                                    411 ;	---------------------------------
                                    412 ; Function dos2_getenv
                                    413 ; ---------------------------------
    000000BE                        414 _dos2_getenv::
                                    415 ;smram.c:267: __endasm;	
    000000BE 06 FF            [ 7]  416 	ld b,#255
    000000C0 0E 6B            [ 7]  417 	ld c,#0x6B
    000000C2 CD 05 00         [17]  418 	call 5
    000000C5 C9               [10]  419 	ret
                                    420 ;smram.c:268: }
                                    421 ;smram.c:270: char hexToNum(char h)
                                    422 ;	---------------------------------
                                    423 ; Function hexToNum
                                    424 ; ---------------------------------
    000000C6                        425 _hexToNum::
                                    426 ;smram.c:274: if (h >= '0' && h <='9')
    000000C6 FE 30            [ 7]  427 	cp	a, #0x30
    000000C8 38 07            [12]  428 	jr	c, 00102$
    000000CA FE 3A            [ 7]  429 	cp	a, #0x3a
    000000CC 30 03            [12]  430 	jr	nc, 00102$
                                    431 ;smram.c:275: return h-'0';    
    000000CE C6 D0            [ 7]  432 	add	a, #0xd0
    000000D0 C9               [10]  433 	ret
    000000D1                        434 00102$:
                                    435 ;smram.c:276: return 0;
    000000D1 AF               [ 4]  436 	xor	a, a
                                    437 ;smram.c:277: }
    000000D2 C9               [10]  438 	ret
                                    439 ;smram.c:279: void jump(uint addr) __naked
                                    440 ;	---------------------------------
                                    441 ; Function jump
                                    442 ; ---------------------------------
    000000D3                        443 _jump::
                                    444 ;smram.c:287: __endasm;
    000000D3 ED 7B 06 00      [20]  445 	ld sp,(0x0006)
    000000D7 E9               [ 4]  446 	jp (hl)
                                    447 ;smram.c:288: }
                                    448 ;smram.c:290: void runROM_page1() __naked
                                    449 ;	---------------------------------
                                    450 ; Function runROM_page1
                                    451 ; ---------------------------------
    000000D8                        452 _runROM_page1::
                                    453 ;smram.c:318: __endasm;
    000000D8 FB               [ 4]  454 	ei
    000000D9 76               [ 4]  455 	halt
    000000DA F3               [ 4]  456 	di
    000000DB 31 FF CF         [10]  457 	ld sp,#0xCFFF
    000000DE 3Ar0Cr00         [13]  458 	ld a,(_stepDebug)
    000000E1 B7               [ 4]  459 	or a
    000000E2 28 0E            [12]  460 	jr z,__page1_breakpoint_programmed
    000000E4 3E FE            [ 7]  461 	ld a,#0xFE
    000000E6 D3 8F            [11]  462 	out (#0x8F),a
    000000E8 3Ar19r01         [13]  463 	ld a,(_breakpointAddress)
    000000EB D3 8F            [11]  464 	out (#0x8F),a
    000000ED 3Ar1Ar01         [13]  465 	ld a,(_breakpointAddress+1)
    000000F0 D3 8F            [11]  466 	out (#0x8F),a
    000000F2                        467 __page1_breakpoint_programmed:
    000000F2 21 9A FD         [10]  468 	ld hl,#0xFD9A
    000000F5 3E C9            [ 7]  469 	ld a,#0xC9
    000000F7 77               [ 7]  470 	ld (hl),a
    000000F8 21 9F FD         [10]  471 	ld hl,#0xFD9F
    000000FB 77               [ 7]  472 	ld (hl),a
    000000FC 3A C1 FC         [13]  473 	ld a,(0xFCC1)
    000000FF 21 00 00         [10]  474 	ld hl,#0
    00000102 CD 24 00         [17]  475 	call #0x0024
    00000105 2A 02 40         [16]  476 	ld hl,(0x4002)
    00000108 E9               [ 4]  477 	jp (hl)
                                    478 ;smram.c:319: }
                                    479 ;smram.c:320: void runROM_page1_end() __naked {}
                                    480 ;	---------------------------------
                                    481 ; Function runROM_page1_end
                                    482 ; ---------------------------------
    00000109                        483 _runROM_page1_end::
                                    484 ;smram.c:322: void runROM_page0() __naked
                                    485 ;	---------------------------------
                                    486 ; Function runROM_page0
                                    487 ; ---------------------------------
    00000109                        488 _runROM_page0::
                                    489 ;smram.c:354: __endasm;
    00000109 FB               [ 4]  490 	ei
    0000010A 76               [ 4]  491 	halt
    0000010B F3               [ 4]  492 	di
    0000010C 31 FF CF         [10]  493 	ld sp,#0xCFFF
    0000010F 3Ar0Cr00         [13]  494 	ld a,(_stepDebug)
    00000112 B7               [ 4]  495 	or a
    00000113 28 0E            [12]  496 	jr z,__page0_breakpoint_programmed
    00000115 3E FE            [ 7]  497 	ld a,#0xFE
    00000117 D3 8F            [11]  498 	out (#0x8F),a
    00000119 3Ar19r01         [13]  499 	ld a,(_breakpointAddress)
    0000011C D3 8F            [11]  500 	out (#0x8F),a
    0000011E 3Ar1Ar01         [13]  501 	ld a,(_breakpointAddress+1)
    00000121 D3 8F            [11]  502 	out (#0x8F),a
    00000123                        503 __page0_breakpoint_programmed:
    00000123 21 9A FD         [10]  504 	ld hl,#0xFD9A
    00000126 3E C9            [ 7]  505 	ld a,#0xC9
    00000128 77               [ 7]  506 	ld (hl),a
    00000129 21 9F FD         [10]  507 	ld hl,#0xFD9F
    0000012C 77               [ 7]  508 	ld (hl),a
    0000012D 3Ar02r00         [13]  509 	ld a,(_sslt)
    00000130 67               [ 4]  510 	ld h,a
    00000131 2E 00            [ 7]  511 	ld l,#0
    00000133 E5               [11]  512 	push hl
    00000134 FD E1            [14]  513 	pop iy
    00000136 DD 2Ar17r01      [20]  514 	ld ix,(_romstart)
    0000013A CD 1C 00         [17]  515 	call #0x001C
                                    516 ;smram.c:355: }
                                    517 ;smram.c:356: void runROM_page0_end() __naked {}
                                    518 ;	---------------------------------
                                    519 ; Function runROM_page0_end
                                    520 ; ---------------------------------
    0000013D                        521 _runROM_page0_end::
                                    522 ;smram.c:358: void runROM_page2() __naked
                                    523 ;	---------------------------------
                                    524 ; Function runROM_page2
                                    525 ; ---------------------------------
    0000013D                        526 _runROM_page2::
                                    527 ;smram.c:386: __endasm;
    0000013D FB               [ 4]  528 	ei
    0000013E 76               [ 4]  529 	halt
    0000013F F3               [ 4]  530 	di
    00000140 31 FF CF         [10]  531 	ld sp,#0xCFFF
    00000143 3Ar0Cr00         [13]  532 	ld a,(_stepDebug)
    00000146 B7               [ 4]  533 	or a
    00000147 28 0E            [12]  534 	jr z,__page2_breakpoint_programmed
    00000149 3E FE            [ 7]  535 	ld a,#0xFE
    0000014B D3 8F            [11]  536 	out (#0x8F),a
    0000014D 3Ar19r01         [13]  537 	ld a,(_breakpointAddress)
    00000150 D3 8F            [11]  538 	out (#0x8F),a
    00000152 3Ar1Ar01         [13]  539 	ld a,(_breakpointAddress+1)
    00000155 D3 8F            [11]  540 	out (#0x8F),a
    00000157                        541 __page2_breakpoint_programmed:
    00000157 21 9A FD         [10]  542 	ld hl,#0xFD9A
    0000015A 3E C9            [ 7]  543 	ld a,#0xC9
    0000015C 77               [ 7]  544 	ld (hl),a
    0000015D 21 9F FD         [10]  545 	ld hl,#0xFD9F
    00000160 77               [ 7]  546 	ld (hl),a
    00000161 3A C1 FC         [13]  547 	ld a,(0xFCC1)
    00000164 21 00 00         [10]  548 	ld hl,#0
    00000167 CD 24 00         [17]  549 	call #0x0024
    0000016A 2A 02 80         [16]  550 	ld hl,(0x8002)
    0000016D E9               [ 4]  551 	jp (hl)
                                    552 ;smram.c:387: }
                                    553 ;smram.c:388: void runROM_page2_end() __naked {}
                                    554 ;	---------------------------------
                                    555 ; Function runROM_page2_end
                                    556 ; ---------------------------------
    0000016E                        557 _runROM_page2_end::
                                    558 ;smram.c:390: void runROM_page3() __naked
                                    559 ;	---------------------------------
                                    560 ; Function runROM_page3
                                    561 ; ---------------------------------
    0000016E                        562 _runROM_page3::
                                    563 ;smram.c:420: __endasm;
    0000016E FB               [ 4]  564 	ei
    0000016F 76               [ 4]  565 	halt
    00000170 F3               [ 4]  566 	di
    00000171 31 FF BF         [10]  567 	ld sp,#0xBFFF
    00000174 3Ar0Cr00         [13]  568 	ld a,(_stepDebug)
    00000177 B7               [ 4]  569 	or a
    00000178 28 0E            [12]  570 	jr z,__page3_breakpoint_programmed
    0000017A 3E FE            [ 7]  571 	ld a,#0xFE
    0000017C D3 8F            [11]  572 	out (#0x8F),a
    0000017E 3Ar19r01         [13]  573 	ld a,(_breakpointAddress)
    00000181 D3 8F            [11]  574 	out (#0x8F),a
    00000183 3Ar1Ar01         [13]  575 	ld a,(_breakpointAddress+1)
    00000186 D3 8F            [11]  576 	out (#0x8F),a
    00000188                        577 __page3_breakpoint_programmed:
    00000188 3Ar02r00         [13]  578 	ld a,(_sslt)
    0000018B F5               [11]  579 	push af
    0000018C 3A C1 FC         [13]  580 	ld a,(0xFCC1)
    0000018F 21 00 00         [10]  581 	ld hl,#0
    00000192 CD 24 00         [17]  582 	call #0x0024
    00000195 F1               [10]  583 	pop af
    00000196 21 00 C0         [10]  584 	ld hl,#0xC000
    00000199 CD 24 00         [17]  585 	call #0x0024
    0000019C 2A 02 C0         [16]  586 	ld hl,(0xC002)
    0000019F E9               [ 4]  587 	jp (hl)
                                    588 ;smram.c:421: }
                                    589 ;smram.c:422: void runROM_page3_end() __naked {}
                                    590 ;	---------------------------------
                                    591 ; Function runROM_page3_end
                                    592 ; ---------------------------------
    000001A0                        593 _runROM_page3_end::
                                    594 ;smram.c:424: void runROM_Reset() __naked
                                    595 ;	---------------------------------
                                    596 ; Function runROM_Reset
                                    597 ; ---------------------------------
    000001A0                        598 _runROM_Reset::
                                    599 ;smram.c:451: __endasm;
    000001A0 FB               [ 4]  600 	ei
    000001A1 76               [ 4]  601 	halt
    000001A2 F3               [ 4]  602 	di
    000001A3 31 FF CF         [10]  603 	ld sp,#0xCFFF
    000001A6 3Ar0Cr00         [13]  604 	ld a,(_stepDebug)
    000001A9 B7               [ 4]  605 	or a
    000001AA 28 0E            [12]  606 	jr z,__reset_breakpoint_programmed
    000001AC 3E FE            [ 7]  607 	ld a,#0xFE
    000001AE D3 8F            [11]  608 	out (#0x8F),a
    000001B0 3Ar19r01         [13]  609 	ld a,(_breakpointAddress)
    000001B3 D3 8F            [11]  610 	out (#0x8F),a
    000001B5 3Ar1Ar01         [13]  611 	ld a,(_breakpointAddress+1)
    000001B8 D3 8F            [11]  612 	out (#0x8F),a
    000001BA                        613 __reset_breakpoint_programmed:
    000001BA 21 9A FD         [10]  614 	ld hl,#0xFD9A
    000001BD 3E C9            [ 7]  615 	ld a,#0xC9
    000001BF 77               [ 7]  616 	ld (hl),a
    000001C0 21 9F FD         [10]  617 	ld hl,#0xFD9F
    000001C3 77               [ 7]  618 	ld (hl),a
    000001C4 FD 2A C0 FC      [20]  619 	ld iy,(0xFCC1 -1)
    000001C8 DD 21 00 00      [14]  620 	ld ix,#0
    000001CC CD 1C 00         [17]  621 	call #0x001C
                                    622 ;smram.c:452: }
                                    623 ;smram.c:454: void runROM_Reset_end() __naked {}
                                    624 ;	---------------------------------
                                    625 ; Function runROM_Reset_end
                                    626 ; ---------------------------------
    000001CF                        627 _runROM_Reset_end::
                                    628 ;smram.c:492: void print_mapper_type(void)
                                    629 ;	---------------------------------
                                    630 ; Function print_mapper_type
                                    631 ; ---------------------------------
    000001CF                        632 _print_mapper_type::
                                    633 ;smram.c:494: printf("\r\nMapper Type: ");
    000001CF 21r5Er02         [10]  634 	ld	hl, #___str_0
    000001D2 E5               [11]  635 	push	hl
    000001D3 CDr00r00         [17]  636 	call	_printf
    000001D6 F1               [10]  637 	pop	af
                                    638 ;smram.c:495: switch(megaram_type)
    000001D7 3Ar04r00         [13]  639 	ld	a, (_megaram_type+1)
    000001DA FD 21r03r00      [14]  640 	ld	iy, #_megaram_type
    000001DE FD B6 00         [19]  641 	or	a, 0 (iy)
    000001E1 28 3C            [12]  642 	jr	z, 00101$
    000001E3 3Ar03r00         [13]  643 	ld	a, (_megaram_type+0)
    000001E6 3D               [ 4]  644 	dec	a
    000001E7 FD B6 01         [19]  645 	or	a, 1 (iy)
    000001EA 28 69            [12]  646 	jr	z, 00107$
    000001EC 3Ar03r00         [13]  647 	ld	a, (_megaram_type+0)
    000001EF D6 02            [ 7]  648 	sub	a, #0x02
    000001F1 FD B6 01         [19]  649 	or	a, 1 (iy)
    000001F4 28 32            [12]  650 	jr	z, 00102$
    000001F6 3Ar03r00         [13]  651 	ld	a, (_megaram_type+0)
    000001F9 D6 04            [ 7]  652 	sub	a, #0x04
    000001FB FD B6 01         [19]  653 	or	a, 1 (iy)
    000001FE 28 31            [12]  654 	jr	z, 00103$
    00000200 3Ar03r00         [13]  655 	ld	a, (_megaram_type+0)
    00000203 D6 05            [ 7]  656 	sub	a, #0x05
    00000205 FD B6 01         [19]  657 	or	a, 1 (iy)
    00000208 28 30            [12]  658 	jr	z, 00104$
    0000020A 3Ar03r00         [13]  659 	ld	a, (_megaram_type+0)
    0000020D D6 08            [ 7]  660 	sub	a, #0x08
    0000020F FD B6 01         [19]  661 	or	a, 1 (iy)
    00000212 28 38            [12]  662 	jr	z, 00106$
    00000214 3Ar03r00         [13]  663 	ld	a, (_megaram_type+0)
    00000217 D6 16            [ 7]  664 	sub	a, #0x16
    00000219 FD B6 01         [19]  665 	or	a, 1 (iy)
    0000021C 28 25            [12]  666 	jr	z, 00105$
    0000021E C9               [10]  667 	ret
                                    668 ;smram.c:497: case TYPE_MSCC:
    0000021F                        669 00101$:
                                    670 ;smram.c:498: printf("MegaRAM SCC (default)\n\r");
    0000021F 21r6Er02         [10]  671 	ld	hl, #___str_1
    00000222 E5               [11]  672 	push	hl
    00000223 CDr00r00         [17]  673 	call	_printf
    00000226 F1               [10]  674 	pop	af
                                    675 ;smram.c:499: break;
    00000227 C9               [10]  676 	ret
                                    677 ;smram.c:500: case TYPE_LINEAR:
    00000228                        678 00102$:
                                    679 ;smram.c:501: printf("LINEAR (/L)\n\r");
    00000228 21r86r02         [10]  680 	ld	hl, #___str_2
    0000022B E5               [11]  681 	push	hl
    0000022C CDr00r00         [17]  682 	call	_printf
    0000022F F1               [10]  683 	pop	af
                                    684 ;smram.c:502: break;
    00000230 C9               [10]  685 	ret
                                    686 ;smram.c:503: case TYPE_K4:
    00000231                        687 00103$:
                                    688 ;smram.c:504: printf("Konami (/R6 or /K4)\n\r");
    00000231 21r94r02         [10]  689 	ld	hl, #___str_3
    00000234 E5               [11]  690 	push	hl
    00000235 CDr00r00         [17]  691 	call	_printf
    00000238 F1               [10]  692 	pop	af
                                    693 ;smram.c:505: break;
    00000239 C9               [10]  694 	ret
                                    695 ;smram.c:506: case TYPE_K5:
    0000023A                        696 00104$:
                                    697 ;smram.c:507: printf("Konami SCC (/R5 or /K5)\n\r");
    0000023A 01rAAr02         [10]  698 	ld	bc, #___str_4+0
    0000023D C5               [11]  699 	push	bc
    0000023E CDr00r00         [17]  700 	call	_printf
    00000241 F1               [10]  701 	pop	af
                                    702 ;smram.c:508: break;
    00000242 C9               [10]  703 	ret
                                    704 ;smram.c:509: case TYPE_A16:
    00000243                        705 00105$:
                                    706 ;smram.c:510: printf("ASCII16 (/R1 or /A16)\n\r");
    00000243 21rC4r02         [10]  707 	ld	hl, #___str_5
    00000246 E5               [11]  708 	push	hl
    00000247 CDr00r00         [17]  709 	call	_printf
    0000024A F1               [10]  710 	pop	af
                                    711 ;smram.c:511: break;
    0000024B C9               [10]  712 	ret
                                    713 ;smram.c:512: case TYPE_A8:
    0000024C                        714 00106$:
                                    715 ;smram.c:513: printf("ASCII8 (/R3 or /A8)\n\r");
    0000024C 21rDCr02         [10]  716 	ld	hl, #___str_6
    0000024F E5               [11]  717 	push	hl
    00000250 CDr00r00         [17]  718 	call	_printf
    00000253 F1               [10]  719 	pop	af
                                    720 ;smram.c:514: break;
    00000254 C9               [10]  721 	ret
                                    722 ;smram.c:515: case TYPE_DDX:
    00000255                        723 00107$:
                                    724 ;smram.c:516: printf("MegaRAM DDX (/D)\n\r");
    00000255 21rF2r02         [10]  725 	ld	hl, #___str_7
    00000258 E5               [11]  726 	push	hl
    00000259 CDr00r00         [17]  727 	call	_printf
    0000025C F1               [10]  728 	pop	af
                                    729 ;smram.c:518: }
                                    730 ;smram.c:519: }
    0000025D C9               [10]  731 	ret
    0000025E                        732 ___str_0:
    0000025E 0D                     733 	.db 0x0d
    0000025F 0A                     734 	.db 0x0a
    00000260 4D 61 70 70 65 72 20   735 	.ascii "Mapper Type: "
             54 79 70 65 3A 20
    0000026D 00                     736 	.db 0x00
    0000026E                        737 ___str_1:
    0000026E 4D 65 67 61 52 41 4D   738 	.ascii "MegaRAM SCC (default)"
             20 53 43 43 20 28 64
             65 66 61 75 6C 74 29
    00000283 0A                     739 	.db 0x0a
    00000284 0D                     740 	.db 0x0d
    00000285 00                     741 	.db 0x00
    00000286                        742 ___str_2:
    00000286 4C 49 4E 45 41 52 20   743 	.ascii "LINEAR (/L)"
             28 2F 4C 29
    00000291 0A                     744 	.db 0x0a
    00000292 0D                     745 	.db 0x0d
    00000293 00                     746 	.db 0x00
    00000294                        747 ___str_3:
    00000294 4B 6F 6E 61 6D 69 20   748 	.ascii "Konami (/R6 or /K4)"
             28 2F 52 36 20 6F 72
             20 2F 4B 34 29
    000002A7 0A                     749 	.db 0x0a
    000002A8 0D                     750 	.db 0x0d
    000002A9 00                     751 	.db 0x00
    000002AA                        752 ___str_4:
    000002AA 4B 6F 6E 61 6D 69 20   753 	.ascii "Konami SCC (/R5 or /K5)"
             53 43 43 20 28 2F 52
             35 20 6F 72 20 2F 4B
             35 29
    000002C1 0A                     754 	.db 0x0a
    000002C2 0D                     755 	.db 0x0d
    000002C3 00                     756 	.db 0x00
    000002C4                        757 ___str_5:
    000002C4 41 53 43 49 49 31 36   758 	.ascii "ASCII16 (/R1 or /A16)"
             20 28 2F 52 31 20 6F
             72 20 2F 41 31 36 29
    000002D9 0A                     759 	.db 0x0a
    000002DA 0D                     760 	.db 0x0d
    000002DB 00                     761 	.db 0x00
    000002DC                        762 ___str_6:
    000002DC 41 53 43 49 49 38 20   763 	.ascii "ASCII8 (/R3 or /A8)"
             28 2F 52 33 20 6F 72
             20 2F 41 38 29
    000002EF 0A                     764 	.db 0x0a
    000002F0 0D                     765 	.db 0x0d
    000002F1 00                     766 	.db 0x00
    000002F2                        767 ___str_7:
    000002F2 4D 65 67 61 52 41 4D   768 	.ascii "MegaRAM DDX (/D)"
             20 44 44 58 20 28 2F
             44 29
    00000302 0A                     769 	.db 0x0a
    00000303 0D                     770 	.db 0x0d
    00000304 00                     771 	.db 0x00
                                    772 ;smram.c:521: int main(void)
                                    773 ;	---------------------------------
                                    774 ; Function main
                                    775 ; ---------------------------------
    00000305                        776 _main::
                                    777 ;smram.c:523: curslt = (PPIA & 0x0C) >> 2;
    00000305 DB A8            [11]  778 	in	a, (_PPIA)
    00000307 E6 0C            [ 7]  779 	and	a, #0x0c
    00000309 2E 00            [ 7]  780 	ld	l, #0x00
    0000030B CB 2D            [ 8]  781 	sra	l
    0000030D CB 1F            [ 8]  782 	rr	a
    0000030F CB 2D            [ 8]  783 	sra	l
    00000311 CB 1F            [ 8]  784 	rr	a
    00000313 32r00r00         [13]  785 	ld	(_curslt), a
                                    786 ;smram.c:524: cursslt = (~(*((uchar*)0xFFFF)) & 0x0C) | *((uchar*)EXPTBL+curslt);
    00000316 3A FF FF         [13]  787 	ld	a, (#0xffff)
    00000319 2F               [ 4]  788 	cpl
    0000031A E6 0C            [ 7]  789 	and	a, #0x0c
    0000031C 4F               [ 4]  790 	ld	c, a
    0000031D 3Ar00r00         [13]  791 	ld	a, (_curslt)
    00000320 6F               [ 4]  792 	ld	l, a
    00000321 26 00            [ 7]  793 	ld	h, #0x00
    00000323 11 C1 FC         [10]  794 	ld	de, #0xfcc1
    00000326 19               [11]  795 	add	hl, de
    00000327 7E               [ 7]  796 	ld	a, (hl)
    00000328 B1               [ 4]  797 	or	a, c
    00000329 32r01r00         [13]  798 	ld	(#_cursslt), a
                                    799 ;smram.c:526: for(i = 1; i < 4; i++)
    0000032C 21 01 00         [10]  800 	ld	hl, #0x0001
    0000032F 22r0Dr00         [16]  801 	ld	(_i), hl
    00000332                        802 00302$:
                                    803 ;smram.c:528: slotid = *((uchar*)EXPTBL+i);
    00000332 2Ar0Dr00         [16]  804 	ld	hl, (_i)
    00000335 11 C1 FC         [10]  805 	ld	de, #0xfcc1
    00000338 19               [11]  806 	add	hl, de
    00000339 7E               [ 7]  807 	ld	a, (hl)
    0000033A 32r16r00         [13]  808 	ld	(#_slotid), a
                                    809 ;smram.c:530: if (slotid & 0x80) {    // expanded ?
    0000033D 3Ar16r00         [13]  810 	ld	a, (_slotid)
    00000340 07               [ 4]  811 	rlca
    00000341 30 74            [12]  812 	jr	nc, 00303$
                                    813 ;smram.c:532: enaslt(i | 0x80, 0x4000); // looking for BIOS, sslot 0
    00000343 3Ar0Dr00         [13]  814 	ld	a, (_i)
    00000346 CB FF            [ 8]  815 	set	7, a
    00000348 11 00 40         [10]  816 	ld	de, #0x4000
    0000034B CDr48r00         [17]  817 	call	_enaslt
                                    818 ;smram.c:534: b = *(uchar*)(0x6000); // it might be RAM
    0000034E 3A 00 60         [13]  819 	ld	a, (#0x6000)
    00000351 32r03r00         [13]  820 	ld	(#_b), a
                                    821 ;smram.c:535: *((uchar*)0x6000) = 7;
    00000354 21 00 60         [10]  822 	ld	hl, #0x6000
    00000357 36 07            [10]  823 	ld	(hl), #0x07
                                    824 ;smram.c:536: s = "WonderTANG! uSD Driver";
    00000359 21r97r0B         [10]  825 	ld	hl, #___str_8
    0000035C 22r04r00         [16]  826 	ld	(_s), hl
                                    827 ;smram.c:537: t = (uchar*)0x4110;
    0000035F 21 10 41         [10]  828 	ld	hl, #0x4110
    00000362 22r06r00         [16]  829 	ld	(_t), hl
                                    830 ;smram.c:538: for(int j=0; j<22; j++)
    00000365 01 00 00         [10]  831 	ld	bc, #0x0000
    00000368                        832 00300$:
    00000368 79               [ 4]  833 	ld	a, c
    00000369 D6 16            [ 7]  834 	sub	a, #0x16
    0000036B 78               [ 4]  835 	ld	a, b
    0000036C 17               [ 4]  836 	rla
    0000036D 3F               [ 4]  837 	ccf
    0000036E 1F               [ 4]  838 	rra
    0000036F DE 80            [ 7]  839 	sbc	a, #0x80
    00000371 30 2A            [12]  840 	jr	nc, 00105$
                                    841 ;smram.c:540: if (*s++ != *t++) break;
    00000373 2Ar04r00         [16]  842 	ld	hl, (_s)
    00000376 5E               [ 7]  843 	ld	e, (hl)
    00000377 2Ar04r00         [16]  844 	ld	hl, (_s)
    0000037A 23               [ 6]  845 	inc	hl
    0000037B 22r04r00         [16]  846 	ld	(_s), hl
    0000037E 2Ar06r00         [16]  847 	ld	hl, (_t)
    00000381 56               [ 7]  848 	ld	d, (hl)
    00000382 2Ar06r00         [16]  849 	ld	hl, (_t)
    00000385 23               [ 6]  850 	inc	hl
    00000386 22r06r00         [16]  851 	ld	(_t), hl
    00000389 7B               [ 4]  852 	ld	a, e
    0000038A 92               [ 4]  853 	sub	a, d
    0000038B 20 10            [12]  854 	jr	nz, 00105$
                                    855 ;smram.c:542: if (j == 21) 
    0000038D 79               [ 4]  856 	ld	a, c
    0000038E D6 15            [ 7]  857 	sub	a, #0x15
    00000390 B0               [ 4]  858 	or	a, b
    00000391 20 07            [12]  859 	jr	nz, 00301$
                                    860 ;smram.c:544: found = TRUE;
    00000393 21r00r00         [10]  861 	ld	hl, #_found
    00000396 36 01            [10]  862 	ld	(hl), #0x01
                                    863 ;smram.c:545: break;
    00000398 18 03            [12]  864 	jr	00105$
    0000039A                        865 00301$:
                                    866 ;smram.c:538: for(int j=0; j<22; j++)
    0000039A 03               [ 6]  867 	inc	bc
    0000039B 18 CB            [12]  868 	jr	00300$
    0000039D                        869 00105$:
                                    870 ;smram.c:549: *((uchar*)0x6000) = b; // return whatever was there
    0000039D 21 00 60         [10]  871 	ld	hl, #0x6000
    000003A0 3Ar03r00         [13]  872 	ld	a, (_b)
    000003A3 77               [ 7]  873 	ld	(hl), a
                                    874 ;smram.c:551: enaslt(curslt | cursslt, 0x4000);
    000003A4 3Ar00r00         [13]  875 	ld	a, (_curslt)
    000003A7 21r01r00         [10]  876 	ld	hl, #_cursslt
    000003AA B6               [ 7]  877 	or	a, (hl)
    000003AB 11 00 40         [10]  878 	ld	de, #0x4000
    000003AE CDr48r00         [17]  879 	call	_enaslt
                                    880 ;smram.c:553: if (found) break;
    000003B1 3Ar00r00         [13]  881 	ld	a, (_found+0)
    000003B4 B7               [ 4]  882 	or	a, a
    000003B5 20 17            [12]  883 	jr	nz, 00110$
    000003B7                        884 00303$:
                                    885 ;smram.c:526: for(i = 1; i < 4; i++)
    000003B7 2Ar0Dr00         [16]  886 	ld	hl, (_i)
    000003BA 23               [ 6]  887 	inc	hl
    000003BB 22r0Dr00         [16]  888 	ld	(_i), hl
    000003BE 3Ar0Dr00         [13]  889 	ld	a, (_i+0)
    000003C1 D6 04            [ 7]  890 	sub	a, #0x04
    000003C3 3Ar0Er00         [13]  891 	ld	a, (_i+1)
    000003C6 17               [ 4]  892 	rla
    000003C7 3F               [ 4]  893 	ccf
    000003C8 1F               [ 4]  894 	rra
    000003C9 DE 80            [ 7]  895 	sbc	a, #0x80
    000003CB DAr32r03         [10]  896 	jp	c, 00302$
    000003CE                        897 00110$:
                                    898 ;smram.c:557: sslt = 0;
    000003CE AF               [ 4]  899 	xor	a, a
    000003CF 32r02r00         [13]  900 	ld	(#_sslt), a
                                    901 ;smram.c:559: if (found)
    000003D2 3Ar00r00         [13]  902 	ld	a, (_found+0)
    000003D5 B7               [ 4]  903 	or	a, a
    000003D6 CAr77r06         [10]  904 	jp	z, 00208$
                                    905 ;smram.c:561: printf("WonderTANG! Super MegaRAM SCC\n\r");
    000003D9 21rAEr0B         [10]  906 	ld	hl, #___str_9
    000003DC E5               [11]  907 	push	hl
    000003DD CDr00r00         [17]  908 	call	_printf
                                    909 ;smram.c:562: printf("v3.01 (new-juice)\n\r");
    000003E0 21rCEr0B         [10]  910 	ld	hl, #___str_10
    000003E3 E3               [19]  911 	ex	(sp),hl
    000003E4 CDr00r00         [17]  912 	call	_printf
    000003E7 F1               [10]  913 	pop	af
                                    914 ;smram.c:564: sslt = 0x80 | (2 << 2) | i;
    000003E8 3Ar0Dr00         [13]  915 	ld	a, (_i)
    000003EB F6 88            [ 7]  916 	or	a, #0x88
    000003ED 32r02r00         [13]  917 	ld	(#_sslt), a
                                    918 ;smram.c:565: paramlen = *((char*)0x80);
    000003F0 3A 80 00         [13]  919 	ld	a, (#0x0080)
    000003F3 32r05r00         [13]  920 	ld	(#_paramlen), a
                                    921 ;smram.c:566: for(params = (char*)0x81; *params != 0 || paramlen == 0; ++params, paramlen--)
    000003F6 21 81 00         [10]  922 	ld	hl, #0x0081
    000003F9 22r08r00         [16]  923 	ld	(_params), hl
    000003FC                        924 00306$:
    000003FC ED 4Br08r00      [20]  925 	ld	bc, (_params)
    00000400 0A               [ 7]  926 	ld	a, (bc)
    00000401 5F               [ 4]  927 	ld	e, a
    00000402 B7               [ 4]  928 	or	a, a
    00000403 20 07            [12]  929 	jr	nz, 00305$
    00000405 3Ar05r00         [13]  930 	ld	a, (_paramlen+0)
    00000408 B7               [ 4]  931 	or	a, a
    00000409 C2r7Dr06         [10]  932 	jp	nz, 00209$
    0000040C                        933 00305$:
                                    934 ;smram.c:568: if (*params != ' ')
                                    935 ;smram.c:570: if (*params == '/')
    0000040C 7B               [ 4]  936 	ld	a, e
    0000040D FE 20            [ 7]  937 	cp	a, #0x20
    0000040F CAr69r06         [10]  938 	jp	z, 00307$
    00000412 D6 2F            [ 7]  939 	sub	a, #0x2f
    00000414 C2r4Br06         [10]  940 	jp	nz, 00202$
                                    941 ;smram.c:572: params++;
    00000417 2Ar08r00         [16]  942 	ld	hl, (_params)
    0000041A 23               [ 6]  943 	inc	hl
    0000041B 22r08r00         [16]  944 	ld	(_params), hl
                                    945 ;smram.c:566: for(params = (char*)0x81; *params != 0 || paramlen == 0; ++params, paramlen--)
    0000041E 2Ar08r00         [16]  946 	ld	hl, (_params)
    00000421 4E               [ 7]  947 	ld	c, (hl)
                                    948 ;smram.c:573: if (to_upper(*params) == 'R') 
    00000422 C5               [11]  949 	push	bc
    00000423 79               [ 4]  950 	ld	a, c
    00000424 CDr3Fr00         [17]  951 	call	_to_upper
    00000427 C1               [10]  952 	pop	bc
                                    953 ;smram.c:572: params++;
    00000428 2Ar08r00         [16]  954 	ld	hl, (_params)
    0000042B 23               [ 6]  955 	inc	hl
                                    956 ;smram.c:573: if (to_upper(*params) == 'R') 
    0000042C FE 52            [ 7]  957 	cp	a, #0x52
    0000042E 20 63            [12]  958 	jr	nz, 00195$
                                    959 ;smram.c:575: mapperSpecified = TRUE;
    00000430 3E 01            [ 7]  960 	ld	a, #0x01
    00000432 32r08r00         [13]  961 	ld	(_mapperSpecified+0), a
                                    962 ;smram.c:576: params++;
    00000435 22r08r00         [16]  963 	ld	(_params), hl
                                    964 ;smram.c:566: for(params = (char*)0x81; *params != 0 || paramlen == 0; ++params, paramlen--)
    00000438 2Ar08r00         [16]  965 	ld	hl, (_params)
    0000043B 7E               [ 7]  966 	ld	a, (hl)
                                    967 ;smram.c:577: if (*params == '0')
    0000043C FE 30            [ 7]  968 	cp	a, #0x30
    0000043E 20 09            [12]  969 	jr	nz, 00127$
                                    970 ;smram.c:578: megaram_type = TYPE_MSCC;
    00000440 21 00 00         [10]  971 	ld	hl, #0x0000
    00000443 22r03r00         [16]  972 	ld	(_megaram_type), hl
    00000446 C3r69r06         [10]  973 	jp	00307$
    00000449                        974 00127$:
                                    975 ;smram.c:580: if (*params == '2')
    00000449 FE 32            [ 7]  976 	cp	a, #0x32
    0000044B 20 09            [12]  977 	jr	nz, 00124$
                                    978 ;smram.c:581: megaram_type = TYPE_LINEAR;
    0000044D 21 02 00         [10]  979 	ld	hl, #0x0002
    00000450 22r03r00         [16]  980 	ld	(_megaram_type), hl
    00000453 C3r69r06         [10]  981 	jp	00307$
    00000456                        982 00124$:
                                    983 ;smram.c:583: if (*params == '6')
    00000456 FE 36            [ 7]  984 	cp	a, #0x36
    00000458 20 09            [12]  985 	jr	nz, 00121$
                                    986 ;smram.c:584: megaram_type = TYPE_K4;
    0000045A 21 04 00         [10]  987 	ld	hl, #0x0004
    0000045D 22r03r00         [16]  988 	ld	(_megaram_type), hl
    00000460 C3r69r06         [10]  989 	jp	00307$
    00000463                        990 00121$:
                                    991 ;smram.c:586: if (*params == '5')
    00000463 FE 35            [ 7]  992 	cp	a, #0x35
    00000465 20 09            [12]  993 	jr	nz, 00118$
                                    994 ;smram.c:587: megaram_type = TYPE_K5;
    00000467 21 05 00         [10]  995 	ld	hl, #0x0005
    0000046A 22r03r00         [16]  996 	ld	(_megaram_type), hl
    0000046D C3r69r06         [10]  997 	jp	00307$
    00000470                        998 00118$:
                                    999 ;smram.c:589: if (*params == '1')
    00000470 FE 31            [ 7] 1000 	cp	a, #0x31
    00000472 20 09            [12] 1001 	jr	nz, 00115$
                                   1002 ;smram.c:590: megaram_type = TYPE_A16;
    00000474 21 16 00         [10] 1003 	ld	hl, #0x0016
    00000477 22r03r00         [16] 1004 	ld	(_megaram_type), hl
    0000047A C3r69r06         [10] 1005 	jp	00307$
    0000047D                       1006 00115$:
                                   1007 ;smram.c:592: if (*params == '3')
    0000047D FE 33            [ 7] 1008 	cp	a, #0x33
    0000047F 20 09            [12] 1009 	jr	nz, 00112$
                                   1010 ;smram.c:593: megaram_type = TYPE_A8;
    00000481 21 08 00         [10] 1011 	ld	hl, #0x0008
    00000484 22r03r00         [16] 1012 	ld	(_megaram_type), hl
    00000487 C3r69r06         [10] 1013 	jp	00307$
    0000048A                       1014 00112$:
                                   1015 ;smram.c:595: megaram_type = TYPE_UNK;                    
    0000048A 21 FF 00         [10] 1016 	ld	hl, #0x00ff
    0000048D 22r03r00         [16] 1017 	ld	(_megaram_type), hl
    00000490 C3r69r06         [10] 1018 	jp	00307$
    00000493                       1019 00195$:
                                   1020 ;smram.c:597: else if (to_upper(*params) == 'K')
    00000493 E5               [11] 1021 	push	hl
    00000494 C5               [11] 1022 	push	bc
    00000495 79               [ 4] 1023 	ld	a, c
    00000496 CDr3Fr00         [17] 1024 	call	_to_upper
    00000499 C1               [10] 1025 	pop	bc
    0000049A E1               [10] 1026 	pop	hl
    0000049B FE 4B            [ 7] 1027 	cp	a, #0x4b
    0000049D 20 2F            [12] 1028 	jr	nz, 00192$
                                   1029 ;smram.c:599: mapperSpecified = TRUE;
    0000049F 3E 01            [ 7] 1030 	ld	a, #0x01
    000004A1 32r08r00         [13] 1031 	ld	(_mapperSpecified+0), a
                                   1032 ;smram.c:600: params++;
    000004A4 22r08r00         [16] 1033 	ld	(_params), hl
                                   1034 ;smram.c:566: for(params = (char*)0x81; *params != 0 || paramlen == 0; ++params, paramlen--)
    000004A7 2Ar08r00         [16] 1035 	ld	hl, (_params)
    000004AA 7E               [ 7] 1036 	ld	a, (hl)
                                   1037 ;smram.c:601: if (*params == '5')
    000004AB FE 35            [ 7] 1038 	cp	a, #0x35
    000004AD 20 09            [12] 1039 	jr	nz, 00133$
                                   1040 ;smram.c:602: megaram_type = TYPE_K5;
    000004AF 21 05 00         [10] 1041 	ld	hl, #0x0005
    000004B2 22r03r00         [16] 1042 	ld	(_megaram_type), hl
    000004B5 C3r69r06         [10] 1043 	jp	00307$
    000004B8                       1044 00133$:
                                   1045 ;smram.c:604: if (*params == '4')
    000004B8 FE 34            [ 7] 1046 	cp	a, #0x34
    000004BA 20 09            [12] 1047 	jr	nz, 00130$
                                   1048 ;smram.c:605: megaram_type = TYPE_K4;
    000004BC 21 04 00         [10] 1049 	ld	hl, #0x0004
    000004BF 22r03r00         [16] 1050 	ld	(_megaram_type), hl
    000004C2 C3r69r06         [10] 1051 	jp	00307$
    000004C5                       1052 00130$:
                                   1053 ;smram.c:607: megaram_type = TYPE_UNK;
    000004C5 21 FF 00         [10] 1054 	ld	hl, #0x00ff
    000004C8 22r03r00         [16] 1055 	ld	(_megaram_type), hl
    000004CB C3r69r06         [10] 1056 	jp	00307$
    000004CE                       1057 00192$:
                                   1058 ;smram.c:609: else if (to_upper(*params) == 'D')
    000004CE E5               [11] 1059 	push	hl
    000004CF C5               [11] 1060 	push	bc
    000004D0 79               [ 4] 1061 	ld	a, c
    000004D1 CDr3Fr00         [17] 1062 	call	_to_upper
    000004D4 C1               [10] 1063 	pop	bc
    000004D5 E1               [10] 1064 	pop	hl
    000004D6 FE 44            [ 7] 1065 	cp	a, #0x44
    000004D8 20 0E            [12] 1066 	jr	nz, 00189$
                                   1067 ;smram.c:611: mapperSpecified = TRUE;
    000004DA 21r08r00         [10] 1068 	ld	hl, #_mapperSpecified
    000004DD 36 01            [10] 1069 	ld	(hl), #0x01
                                   1070 ;smram.c:612: megaram_type = TYPE_DDX;
    000004DF 21 01 00         [10] 1071 	ld	hl, #0x0001
    000004E2 22r03r00         [16] 1072 	ld	(_megaram_type), hl
    000004E5 C3r69r06         [10] 1073 	jp	00307$
    000004E8                       1074 00189$:
                                   1075 ;smram.c:614: else if (to_upper(*params) == 'L')
    000004E8 E5               [11] 1076 	push	hl
    000004E9 C5               [11] 1077 	push	bc
    000004EA 79               [ 4] 1078 	ld	a, c
    000004EB CDr3Fr00         [17] 1079 	call	_to_upper
    000004EE C1               [10] 1080 	pop	bc
    000004EF E1               [10] 1081 	pop	hl
    000004F0 FE 4C            [ 7] 1082 	cp	a, #0x4c
    000004F2 20 0E            [12] 1083 	jr	nz, 00186$
                                   1084 ;smram.c:616: mapperSpecified = TRUE;
    000004F4 21r08r00         [10] 1085 	ld	hl, #_mapperSpecified
    000004F7 36 01            [10] 1086 	ld	(hl), #0x01
                                   1087 ;smram.c:617: megaram_type = TYPE_LINEAR;
    000004F9 21 02 00         [10] 1088 	ld	hl, #0x0002
    000004FC 22r03r00         [16] 1089 	ld	(_megaram_type), hl
    000004FF C3r69r06         [10] 1090 	jp	00307$
    00000502                       1091 00186$:
                                   1092 ;smram.c:619: else if (to_upper(*params) == 'S')
    00000502 E5               [11] 1093 	push	hl
    00000503 C5               [11] 1094 	push	bc
    00000504 79               [ 4] 1095 	ld	a, c
    00000505 CDr3Fr00         [17] 1096 	call	_to_upper
    00000508 C1               [10] 1097 	pop	bc
    00000509 E1               [10] 1098 	pop	hl
    0000050A FE 53            [ 7] 1099 	cp	a, #0x53
    0000050C 20 0D            [12] 1100 	jr	nz, 00183$
                                   1101 ;smram.c:621: softReset = TRUE;
    0000050E 21r07r00         [10] 1102 	ld	hl, #_softReset
    00000511 36 01            [10] 1103 	ld	(hl), #0x01
                                   1104 ;smram.c:622: presAB = TRUE;
    00000513 21r06r00         [10] 1105 	ld	hl, #_presAB
    00000516 36 01            [10] 1106 	ld	(hl), #0x01
    00000518 C3r69r06         [10] 1107 	jp	00307$
    0000051B                       1108 00183$:
                                   1109 ;smram.c:624: else if (to_upper(*params) == 'A')
    0000051B E5               [11] 1110 	push	hl
    0000051C C5               [11] 1111 	push	bc
    0000051D 79               [ 4] 1112 	ld	a, c
    0000051E CDr3Fr00         [17] 1113 	call	_to_upper
    00000521 C1               [10] 1114 	pop	bc
    00000522 E1               [10] 1115 	pop	hl
    00000523 FE 41            [ 7] 1116 	cp	a, #0x41
    00000525 20 47            [12] 1117 	jr	nz, 00180$
                                   1118 ;smram.c:626: mapperSpecified = TRUE;
    00000527 3E 01            [ 7] 1119 	ld	a, #0x01
    00000529 32r08r00         [13] 1120 	ld	(_mapperSpecified+0), a
                                   1121 ;smram.c:627: params++;
    0000052C 22r08r00         [16] 1122 	ld	(_params), hl
                                   1123 ;smram.c:566: for(params = (char*)0x81; *params != 0 || paramlen == 0; ++params, paramlen--)
    0000052F 2Ar08r00         [16] 1124 	ld	hl, (_params)
    00000532 7E               [ 7] 1125 	ld	a, (hl)
                                   1126 ;smram.c:628: if (*params == '8')
    00000533 FE 38            [ 7] 1127 	cp	a, #0x38
    00000535 20 09            [12] 1128 	jr	nz, 00142$
                                   1129 ;smram.c:629: megaram_type = TYPE_A8;
    00000537 21 08 00         [10] 1130 	ld	hl, #0x0008
    0000053A 22r03r00         [16] 1131 	ld	(_megaram_type), hl
    0000053D C3r69r06         [10] 1132 	jp	00307$
    00000540                       1133 00142$:
                                   1134 ;smram.c:631: if (*params == '1')
    00000540 FE 31            [ 7] 1135 	cp	a, #0x31
    00000542 20 21            [12] 1136 	jr	nz, 00139$
                                   1137 ;smram.c:633: params++;
    00000544 2Ar08r00         [16] 1138 	ld	hl, (_params)
    00000547 23               [ 6] 1139 	inc	hl
    00000548 22r08r00         [16] 1140 	ld	(_params), hl
                                   1141 ;smram.c:634: if (*params == '6')
    0000054B 2Ar08r00         [16] 1142 	ld	hl, (_params)
    0000054E 7E               [ 7] 1143 	ld	a, (hl)
    0000054F FE 36            [ 7] 1144 	cp	a, #0x36
    00000551 20 09            [12] 1145 	jr	nz, 00136$
                                   1146 ;smram.c:635: megaram_type = TYPE_A16;
    00000553 21 16 00         [10] 1147 	ld	hl, #0x0016
    00000556 22r03r00         [16] 1148 	ld	(_megaram_type), hl
    00000559 C3r69r06         [10] 1149 	jp	00307$
    0000055C                       1150 00136$:
                                   1151 ;smram.c:637: megaram_type = TYPE_UNK;
    0000055C 21 FF 00         [10] 1152 	ld	hl, #0x00ff
    0000055F 22r03r00         [16] 1153 	ld	(_megaram_type), hl
    00000562 C3r69r06         [10] 1154 	jp	00307$
    00000565                       1155 00139$:
                                   1156 ;smram.c:640: megaram_type = TYPE_UNK;
    00000565 21 FF 00         [10] 1157 	ld	hl, #0x00ff
    00000568 22r03r00         [16] 1158 	ld	(_megaram_type), hl
    0000056B C3r69r06         [10] 1159 	jp	00307$
    0000056E                       1160 00180$:
                                   1161 ;smram.c:642: else if (to_upper(*params) == 'Y')
    0000056E E5               [11] 1162 	push	hl
    0000056F C5               [11] 1163 	push	bc
    00000570 79               [ 4] 1164 	ld	a, c
    00000571 CDr3Fr00         [17] 1165 	call	_to_upper
    00000574 C1               [10] 1166 	pop	bc
    00000575 E1               [10] 1167 	pop	hl
    00000576 FE 59            [ 7] 1168 	cp	a, #0x59
    00000578 20 08            [12] 1169 	jr	nz, 00177$
                                   1170 ;smram.c:644: presAB = TRUE;
    0000057A 21r06r00         [10] 1171 	ld	hl, #_presAB
    0000057D 36 01            [10] 1172 	ld	(hl), #0x01
    0000057F C3r69r06         [10] 1173 	jp	00307$
    00000582                       1174 00177$:
                                   1175 ;smram.c:646: else if (to_upper(*params) == 'X')
    00000582 E5               [11] 1176 	push	hl
    00000583 C5               [11] 1177 	push	bc
    00000584 79               [ 4] 1178 	ld	a, c
    00000585 CDr3Fr00         [17] 1179 	call	_to_upper
    00000588 C1               [10] 1180 	pop	bc
    00000589 E1               [10] 1181 	pop	hl
    0000058A FE 58            [ 7] 1182 	cp	a, #0x58
    0000058C 20 08            [12] 1183 	jr	nz, 00174$
                                   1184 ;smram.c:648: exitAfterLoad = TRUE;
    0000058E 21r0Br00         [10] 1185 	ld	hl, #_exitAfterLoad
    00000591 36 01            [10] 1186 	ld	(hl), #0x01
    00000593 C3r69r06         [10] 1187 	jp	00307$
    00000596                       1188 00174$:
                                   1189 ;smram.c:650: else if (to_upper(*params) == 'W')
    00000596 E5               [11] 1190 	push	hl
    00000597 C5               [11] 1191 	push	bc
    00000598 79               [ 4] 1192 	ld	a, c
    00000599 CDr3Fr00         [17] 1193 	call	_to_upper
    0000059C C1               [10] 1194 	pop	bc
    0000059D E1               [10] 1195 	pop	hl
    0000059E FE 57            [ 7] 1196 	cp	a, #0x57
    000005A0 20 60            [12] 1197 	jr	nz, 00171$
                                   1198 ;smram.c:653: uint parsedAddress = 0;
    000005A2 01 00 00         [10] 1199 	ld	bc, #0x0000
                                   1200 ;smram.c:655: stepDebug = TRUE;
    000005A5 21r0Cr00         [10] 1201 	ld	hl, #_stepDebug
    000005A8 36 01            [10] 1202 	ld	(hl), #0x01
                                   1203 ;smram.c:656: while (digits < 4) {
    000005AA 1E 00            [ 7] 1204 	ld	e, #0x00
    000005AC                       1205 00152$:
    000005AC 7B               [ 4] 1206 	ld	a, e
    000005AD D6 04            [ 7] 1207 	sub	a, #0x04
    000005AF 30 41            [12] 1208 	jr	nc, 00154$
                                   1209 ;smram.c:572: params++;
    000005B1 2Ar08r00         [16] 1210 	ld	hl, (_params)
    000005B4 23               [ 6] 1211 	inc	hl
                                   1212 ;smram.c:657: char digit = to_upper(*(params + 1));
    000005B5 7E               [ 7] 1213 	ld	a, (hl)
    000005B6 E5               [11] 1214 	push	hl
    000005B7 C5               [11] 1215 	push	bc
    000005B8 D5               [11] 1216 	push	de
    000005B9 CDr3Fr00         [17] 1217 	call	_to_upper
    000005BC D1               [10] 1218 	pop	de
    000005BD C1               [10] 1219 	pop	bc
    000005BE E1               [10] 1220 	pop	hl
                                   1221 ;smram.c:661: value = digit - '0';
    000005BF 57               [ 4] 1222 	ld	d, a
                                   1223 ;smram.c:660: if (digit >= '0' && digit <= '9')
    000005C0 FE 30            [ 7] 1224 	cp	a, #0x30
    000005C2 38 0A            [12] 1225 	jr	c, 00149$
    000005C4 FE 3A            [ 7] 1226 	cp	a, #0x3a
    000005C6 30 06            [12] 1227 	jr	nc, 00149$
                                   1228 ;smram.c:661: value = digit - '0';
    000005C8 7A               [ 4] 1229 	ld	a, d
    000005C9 C6 D0            [ 7] 1230 	add	a, #0xd0
    000005CB 57               [ 4] 1231 	ld	d, a
    000005CC 18 0C            [12] 1232 	jr	00150$
    000005CE                       1233 00149$:
                                   1234 ;smram.c:662: else if (digit >= 'A' && digit <= 'F')
    000005CE FE 41            [ 7] 1235 	cp	a, #0x41
    000005D0 38 20            [12] 1236 	jr	c, 00154$
    000005D2 FE 47            [ 7] 1237 	cp	a, #0x47
    000005D4 30 1C            [12] 1238 	jr	nc, 00154$
                                   1239 ;smram.c:663: value = digit - 'A' + 10;
    000005D6 7A               [ 4] 1240 	ld	a, d
    000005D7 C6 C9            [ 7] 1241 	add	a, #0xc9
    000005D9 57               [ 4] 1242 	ld	d, a
                                   1243 ;smram.c:665: break;
    000005DA                       1244 00150$:
                                   1245 ;smram.c:667: parsedAddress = (parsedAddress << 4) | value;
    000005DA 79               [ 4] 1246 	ld	a, c
    000005DB 87               [ 4] 1247 	add	a, a
    000005DC CB 10            [ 8] 1248 	rl	b
    000005DE 87               [ 4] 1249 	add	a, a
    000005DF CB 10            [ 8] 1250 	rl	b
    000005E1 87               [ 4] 1251 	add	a, a
    000005E2 CB 10            [ 8] 1252 	rl	b
    000005E4 87               [ 4] 1253 	add	a, a
    000005E5 CB 10            [ 8] 1254 	rl	b
    000005E7 4A               [ 4] 1255 	ld	c, d
    000005E8 16 00            [ 7] 1256 	ld	d, #0x00
    000005EA B1               [ 4] 1257 	or	a, c
    000005EB 4F               [ 4] 1258 	ld	c, a
                                   1259 ;smram.c:668: params++;
    000005EC 22r08r00         [16] 1260 	ld	(_params), hl
                                   1261 ;smram.c:669: digits++;
    000005EF 1C               [ 4] 1262 	inc	e
    000005F0 18 BA            [12] 1263 	jr	00152$
    000005F2                       1264 00154$:
                                   1265 ;smram.c:675: if (digits == 4) {
    000005F2 7B               [ 4] 1266 	ld	a, e
    000005F3 D6 04            [ 7] 1267 	sub	a, #0x04
    000005F5 20 72            [12] 1268 	jr	nz, 00307$
                                   1269 ;smram.c:676: breakpointAddress = parsedAddress;
    000005F7 ED 43r19r01      [20] 1270 	ld	(_breakpointAddress), bc
                                   1271 ;smram.c:677: breakpointAddressSpecified = TRUE;
    000005FB 21r0Dr00         [10] 1272 	ld	hl, #_breakpointAddressSpecified
    000005FE 36 01            [10] 1273 	ld	(hl), #0x01
    00000600 18 67            [12] 1274 	jr	00307$
    00000602                       1275 00171$:
                                   1276 ;smram.c:681: else if (to_upper(*params) == 'Z')
    00000602 E5               [11] 1277 	push	hl
    00000603 C5               [11] 1278 	push	bc
    00000604 79               [ 4] 1279 	ld	a, c
    00000605 CDr3Fr00         [17] 1280 	call	_to_upper
    00000608 C1               [10] 1281 	pop	bc
    00000609 E1               [10] 1282 	pop	hl
    0000060A FE 5A            [ 7] 1283 	cp	a, #0x5a
    0000060C 20 16            [12] 1284 	jr	nz, 00168$
                                   1285 ;smram.c:683: params++;
    0000060E 22r08r00         [16] 1286 	ld	(_params), hl
                                   1287 ;smram.c:566: for(params = (char*)0x81; *params != 0 || paramlen == 0; ++params, paramlen--)
    00000611 2Ar08r00         [16] 1288 	ld	hl, (_params)
    00000614 7E               [ 7] 1289 	ld	a, (hl)
                                   1290 ;smram.c:684: if (*params >= '0' && *params <= '3')
    00000615 FE 30            [ 7] 1291 	cp	a, #0x30
    00000617 38 50            [12] 1292 	jr	c, 00307$
    00000619 FE 34            [ 7] 1293 	cp	a, #0x34
    0000061B 30 4C            [12] 1294 	jr	nc, 00307$
                                   1295 ;smram.c:685: cpumode = *params - '0';
    0000061D C6 D0            [ 7] 1296 	add	a, #0xd0
    0000061F 32r0Er00         [13] 1297 	ld	(#_cpumode), a
    00000622 18 45            [12] 1298 	jr	00307$
    00000624                       1299 00168$:
                                   1300 ;smram.c:687: else if (to_upper(*params) == '?')
    00000624 C5               [11] 1301 	push	bc
    00000625 79               [ 4] 1302 	ld	a, c
    00000626 CDr3Fr00         [17] 1303 	call	_to_upper
    00000629 C1               [10] 1304 	pop	bc
    0000062A FE 3F            [ 7] 1305 	cp	a, #0x3f
    0000062C 20 07            [12] 1306 	jr	nz, 00161$
                                   1307 ;smram.c:689: help = TRUE;
    0000062E 21r11r00         [10] 1308 	ld	hl, #_help
    00000631 36 01            [10] 1309 	ld	(hl), #0x01
    00000633 18 34            [12] 1310 	jr	00307$
                                   1311 ;smram.c:694: while(*params++ != 0 && *params != ' ');
    00000635                       1312 00161$:
    00000635 2Ar08r00         [16] 1313 	ld	hl, (_params)
    00000638 23               [ 6] 1314 	inc	hl
    00000639 22r08r00         [16] 1315 	ld	(_params), hl
    0000063C 79               [ 4] 1316 	ld	a, c
    0000063D B7               [ 4] 1317 	or	a, a
    0000063E 28 29            [12] 1318 	jr	z, 00307$
                                   1319 ;smram.c:566: for(params = (char*)0x81; *params != 0 || paramlen == 0; ++params, paramlen--)
    00000640 2Ar08r00         [16] 1320 	ld	hl, (_params)
    00000643 4E               [ 7] 1321 	ld	c, (hl)
                                   1322 ;smram.c:694: while(*params++ != 0 && *params != ' ');
    00000644 79               [ 4] 1323 	ld	a, c
    00000645 D6 20            [ 7] 1324 	sub	a, #0x20
    00000647 28 20            [12] 1325 	jr	z, 00307$
    00000649 18 EA            [12] 1326 	jr	00161$
    0000064B                       1327 00202$:
                                   1328 ;smram.c:699: filename = params;
    0000064B ED 43r01r00      [20] 1329 	ld	(_filename), bc
                                   1330 ;smram.c:700: while(*params != 0 && *params != ' ') {
    0000064F                       1331 00198$:
                                   1332 ;smram.c:566: for(params = (char*)0x81; *params != 0 || paramlen == 0; ++params, paramlen--)
    0000064F 2Ar08r00         [16] 1333 	ld	hl, (_params)
    00000652 7E               [ 7] 1334 	ld	a, (hl)
                                   1335 ;smram.c:700: while(*params != 0 && *params != ' ') {
    00000653 B7               [ 4] 1336 	or	a, a
    00000654 28 27            [12] 1337 	jr	z, 00209$
    00000656 FE 20            [ 7] 1338 	cp	a, #0x20
    00000658 28 23            [12] 1339 	jr	z, 00209$
                                   1340 ;smram.c:701: *params = to_upper(*params);
    0000065A E5               [11] 1341 	push	hl
    0000065B CDr3Fr00         [17] 1342 	call	_to_upper
    0000065E E1               [10] 1343 	pop	hl
    0000065F 77               [ 7] 1344 	ld	(hl), a
                                   1345 ;smram.c:702: params++;
    00000660 2Ar08r00         [16] 1346 	ld	hl, (_params)
    00000663 23               [ 6] 1347 	inc	hl
    00000664 22r08r00         [16] 1348 	ld	(_params), hl
    00000667 18 E6            [12] 1349 	jr	00198$
                                   1350 ;smram.c:705: break;
    00000669                       1351 00307$:
                                   1352 ;smram.c:566: for(params = (char*)0x81; *params != 0 || paramlen == 0; ++params, paramlen--)
    00000669 2Ar08r00         [16] 1353 	ld	hl, (_params)
    0000066C 23               [ 6] 1354 	inc	hl
    0000066D 22r08r00         [16] 1355 	ld	(_params), hl
    00000670 21r05r00         [10] 1356 	ld	hl, #_paramlen
    00000673 35               [11] 1357 	dec	(hl)
    00000674 C3rFCr03         [10] 1358 	jp	00306$
    00000677                       1359 00208$:
                                   1360 ;smram.c:710: } else megaram_type = TYPE_UNK;
    00000677 21 FF 00         [10] 1361 	ld	hl, #0x00ff
    0000067A 22r03r00         [16] 1362 	ld	(_megaram_type), hl
    0000067D                       1363 00209$:
                                   1364 ;smram.c:712: if (!found) 
    0000067D 3Ar00r00         [13] 1365 	ld	a, (_found+0)
    00000680 B7               [ 4] 1366 	or	a, a
    00000681 20 0C            [12] 1367 	jr	nz, 00214$
                                   1368 ;smram.c:714: printf("ERROR: WonderTANG! not found...\n\r");
    00000683 21rE2r0B         [10] 1369 	ld	hl, #___str_11
    00000686 E5               [11] 1370 	push	hl
    00000687 CDr00r00         [17] 1371 	call	_printf
    0000068A F1               [10] 1372 	pop	af
                                   1373 ;smram.c:715: return 0;
    0000068B 11 00 00         [10] 1374 	ld	de, #0x0000
    0000068E C9               [10] 1375 	ret
    0000068F                       1376 00214$:
                                   1377 ;smram.c:718: if (help == TRUE || megaram_type == TYPE_UNK)
    0000068F 3Ar11r00         [13] 1378 	ld	a, (_help)
    00000692 3D               [ 4] 1379 	dec	a
    00000693 28 0A            [12] 1380 	jr	z, 00210$
    00000695 3Ar03r00         [13] 1381 	ld	a, (_megaram_type)
    00000698 3C               [ 4] 1382 	inc	a
    00000699 21r04r00         [10] 1383 	ld	hl, #_megaram_type + 1
    0000069C B6               [ 7] 1384 	or	a, (hl)
    0000069D 20 0C            [12] 1385 	jr	nz, 00215$
    0000069F                       1386 00210$:
                                   1387 ;smram.c:740: );
    0000069F 21r04r0C         [10] 1388 	ld	hl, #___str_12
    000006A2 E5               [11] 1389 	push	hl
    000006A3 CDr00r00         [17] 1390 	call	_printf
    000006A6 F1               [10] 1391 	pop	af
                                   1392 ;smram.c:741: return 0;
    000006A7 11 00 00         [10] 1393 	ld	de, #0x0000
    000006AA C9               [10] 1394 	ret
    000006AB                       1395 00215$:
                                   1396 ;smram.c:744: if (filename == 0) {        
    000006AB 3Ar02r00         [13] 1397 	ld	a, (_filename+1)
    000006AE 21r01r00         [10] 1398 	ld	hl, #_filename
    000006B1 B6               [ 7] 1399 	or	a, (hl)
    000006B2 20 16            [12] 1400 	jr	nz, 00219$
                                   1401 ;smram.c:745: print_mapper_type();
    000006B4 CDrCFr01         [17] 1402 	call	_print_mapper_type
                                   1403 ;smram.c:746: if (megaram_type != TYPE_UNK)
    000006B7 3Ar03r00         [13] 1404 	ld	a, (_megaram_type)
    000006BA 3C               [ 4] 1405 	inc	a
    000006BB 21r04r00         [10] 1406 	ld	hl, #_megaram_type + 1
    000006BE B6               [ 7] 1407 	or	a, (hl)
    000006BF 28 05            [12] 1408 	jr	z, 00217$
                                   1409 ;smram.c:747: MEGA_PORT1 = megaram_type;    
    000006C1 3Ar03r00         [13] 1410 	ld	a, (_megaram_type+0)
    000006C4 D3 8F            [11] 1411 	out	(_MEGA_PORT1), a
    000006C6                       1412 00217$:
                                   1413 ;smram.c:748: return 0;
    000006C6 11 00 00         [10] 1414 	ld	de, #0x0000
    000006C9 C9               [10] 1415 	ret
    000006CA                       1416 00219$:
                                   1417 ;smram.c:751: for(t = filename; *t != ' ' && *t != 0; t++);
    000006CA 2Ar01r00         [16] 1418 	ld	hl, (_filename)
    000006CD 22r06r00         [16] 1419 	ld	(_t), hl
    000006D0                       1420 00310$:
                                   1421 ;smram.c:540: if (*s++ != *t++) break;
    000006D0 2Ar06r00         [16] 1422 	ld	hl, (_t)
                                   1423 ;smram.c:751: for(t = filename; *t != ' ' && *t != 0; t++);
    000006D3 7E               [ 7] 1424 	ld	a, (hl)
    000006D4 FE 20            [ 7] 1425 	cp	a, #0x20
    000006D6 28 0C            [12] 1426 	jr	z, 00220$
    000006D8 B7               [ 4] 1427 	or	a, a
    000006D9 28 09            [12] 1428 	jr	z, 00220$
    000006DB 2Ar06r00         [16] 1429 	ld	hl, (_t)
    000006DE 23               [ 6] 1430 	inc	hl
    000006DF 22r06r00         [16] 1431 	ld	(_t), hl
    000006E2 18 EC            [12] 1432 	jr	00310$
    000006E4                       1433 00220$:
                                   1434 ;smram.c:752: *t = 0;
    000006E4 36 00            [10] 1435 	ld	(hl), #0x00
                                   1436 ;smram.c:753: handle = dos2_open(0, filename);
    000006E6 ED 5Br01r00      [20] 1437 	ld	de, (_filename)
    000006EA AF               [ 4] 1438 	xor	a, a
    000006EB CDr89r00         [17] 1439 	call	_dos2_open
    000006EE 32r0Ar00         [13] 1440 	ld	(#_handle), a
                                   1441 ;smram.c:755: MEGA_PORT1 = TYPE_K4;
    000006F1 3E 04            [ 7] 1442 	ld	a, #0x04
    000006F3 D3 8F            [11] 1443 	out	(_MEGA_PORT1), a
                                   1444 ;smram.c:757: if (handle)
    000006F5 3Ar0Ar00         [13] 1445 	ld	a, (_handle+0)
    000006F8 B7               [ 4] 1446 	or	a, a
    000006F9 CAr36r08         [10] 1447 	jp	z, 00238$
                                   1448 ;smram.c:759: printf("Loading ROM file: %s - ", filename);
    000006FC 01r34r0E         [10] 1449 	ld	bc, #___str_13+0
    000006FF 2Ar01r00         [16] 1450 	ld	hl, (_filename)
    00000702 E5               [11] 1451 	push	hl
    00000703 C5               [11] 1452 	push	bc
    00000704 CDr00r00         [17] 1453 	call	_printf
    00000707 F1               [10] 1454 	pop	af
    00000708 F1               [10] 1455 	pop	af
                                   1456 ;smram.c:761: enaslt(sslt, 0x4000);
    00000709 11 00 40         [10] 1457 	ld	de, #0x4000
    0000070C 3Ar02r00         [13] 1458 	ld	a, (_sslt)
    0000070F CDr48r00         [17] 1459 	call	_enaslt
                                   1460 ;smram.c:762: page = 0;
                                   1461 ;smram.c:763: loadpage = 0;
    00000712 AF               [ 4] 1462 	xor	a, a
    00000713 32r11r00         [13] 1463 	ld	(#_page), a
    00000716 32r10r00         [13] 1464 	ld	(#_loadpage), a
                                   1465 ;smram.c:764: romsize = 0;
    00000719 AF               [ 4] 1466 	xor	a, a
    0000071A 32r12r00         [13] 1467 	ld	(_romsize+0), a
    0000071D 32r13r00         [13] 1468 	ld	(_romsize+1), a
    00000720 32r14r00         [13] 1469 	ld	(_romsize+2), a
    00000723 32r15r00         [13] 1470 	ld	(_romsize+3), a
                                   1471 ;smram.c:765: printf("%04dKB", 0);
    00000726 21 00 00         [10] 1472 	ld	hl, #0x0000
    00000729 E5               [11] 1473 	push	hl
    0000072A 21r4Cr0E         [10] 1474 	ld	hl, #___str_14
    0000072D E5               [11] 1475 	push	hl
    0000072E CDr00r00         [17] 1476 	call	_printf
    00000731 F1               [10] 1477 	pop	af
    00000732 F1               [10] 1478 	pop	af
                                   1479 ;smram.c:767: do {
    00000733                       1480 00234$:
                                   1481 ;smram.c:768: bytes_read = dos2_read(handle, (void*)0x8000, 0x2000);
    00000733 21 00 20         [10] 1482 	ld	hl, #0x2000
    00000736 E5               [11] 1483 	push	hl
    00000737 11 00 80         [10] 1484 	ld	de, #0x8000
    0000073A 3Ar0Ar00         [13] 1485 	ld	a, (_handle)
    0000073D CDrA4r00         [17] 1486 	call	_dos2_read
    00000740 ED 53r0Br00      [20] 1487 	ld	(_bytes_read), de
                                   1488 ;smram.c:773: if ((romsize & 0x3FFFUL) == 0 && bytes_read >= 4 &&
    00000744 3Ar12r00         [13] 1489 	ld	a, (_romsize+0)
    00000747 B7               [ 4] 1490 	or	a, a
    00000748 20 70            [12] 1491 	jr	nz, 00228$
    0000074A 3Ar13r00         [13] 1492 	ld	a, (_romsize+1)
    0000074D E6 3F            [ 7] 1493 	and	a, #0x3f
    0000074F 20 69            [12] 1494 	jr	nz, 00228$
    00000751 11 04 00         [10] 1495 	ld	de, #0x0004
    00000754 2Ar0Br00         [16] 1496 	ld	hl, (_bytes_read)
    00000757 BF               [ 4] 1497 	cp	a, a
    00000758 ED 52            [15] 1498 	sbc	hl, de
    0000075A 38 5E            [12] 1499 	jr	c, 00228$
                                   1500 ;smram.c:774: *((uchar*)0x8000) == 'A' &&
    0000075C 3A 00 80         [13] 1501 	ld	a, (#0x8000)
    0000075F FE 41            [ 7] 1502 	cp	a, #0x41
    00000761 20 57            [12] 1503 	jr	nz, 00228$
                                   1504 ;smram.c:775: *((uchar*)0x8001) == 'B')
    00000763 3A 01 80         [13] 1505 	ld	a, (#0x8001)
    00000766 FE 42            [ 7] 1506 	cp	a, #0x42
    00000768 20 50            [12] 1507 	jr	nz, 00228$
                                   1508 ;smram.c:777: if (!linearHeaderValid)
    0000076A 3Ar0Ar00         [13] 1509 	ld	a, (_linearHeaderValid+0)
    0000076D B7               [ 4] 1510 	or	a, a
    0000076E 20 11            [12] 1511 	jr	nz, 00222$
                                   1512 ;smram.c:779: linearHeaderValid = TRUE;
    00000770 21r0Ar00         [10] 1513 	ld	hl, #_linearHeaderValid
    00000773 36 01            [10] 1514 	ld	(hl), #0x01
                                   1515 ;smram.c:780: linearRomstart = *((uint*)0x8002);
    00000775 21 02 80         [10] 1516 	ld	hl, #0x8002
    00000778 7E               [ 7] 1517 	ld	a, (hl)
    00000779 23               [ 6] 1518 	inc	hl
    0000077A 32r1Br01         [13] 1519 	ld	(_linearRomstart+0), a
    0000077D 7E               [ 7] 1520 	ld	a, (hl)
    0000077E 32r1Cr01         [13] 1521 	ld	(_linearRomstart+1), a
    00000781                       1522 00222$:
                                   1523 ;smram.c:783: if (romsize == 0)
    00000781 3Ar15r00         [13] 1524 	ld	a, (_romsize+3)
    00000784 FD 21r12r00      [14] 1525 	ld	iy, #_romsize
    00000788 FD B6 02         [19] 1526 	or	a, 2 (iy)
    0000078B FD B6 01         [19] 1527 	or	a, 1 (iy)
    0000078E FD B6 00         [19] 1528 	or	a, 0 (iy)
    00000791 20 27            [12] 1529 	jr	nz, 00228$
                                   1530 ;smram.c:785: headerValid = TRUE;
    00000793 21r09r00         [10] 1531 	ld	hl, #_headerValid
    00000796 36 01            [10] 1532 	ld	(hl), #0x01
                                   1533 ;smram.c:786: romstart = *((uint*)0x8002);
    00000798 21 02 80         [10] 1534 	ld	hl, #0x8002
    0000079B 7E               [ 7] 1535 	ld	a, (hl)
    0000079C 23               [ 6] 1536 	inc	hl
    0000079D 32r17r01         [13] 1537 	ld	(_romstart+0), a
    000007A0 7E               [ 7] 1538 	ld	a, (hl)
    000007A1 32r18r01         [13] 1539 	ld	(_romstart+1), a
                                   1540 ;smram.c:788: if (megaram_type == TYPE_LINEAR)
    000007A4 3Ar03r00         [13] 1541 	ld	a, (_megaram_type)
    000007A7 D6 02            [ 7] 1542 	sub	a, #0x02
    000007A9 21r04r00         [10] 1543 	ld	hl, #_megaram_type + 1
    000007AC B6               [ 7] 1544 	or	a, (hl)
    000007AD 20 0B            [12] 1545 	jr	nz, 00228$
                                   1546 ;smram.c:789: loadpage = (uchar)((romstart >> 13) & 0xFE);
    000007AF 3Ar18r01         [13] 1547 	ld	a, (_romstart+1)
    000007B2 07               [ 4] 1548 	rlca
    000007B3 07               [ 4] 1549 	rlca
    000007B4 07               [ 4] 1550 	rlca
    000007B5 E6 06            [ 7] 1551 	and	a, #0x6
    000007B7 32r10r00         [13] 1552 	ld	(#_loadpage), a
    000007BA                       1553 00228$:
                                   1554 ;smram.c:793: if (bytes_read > 0)
    000007BA 3Ar0Cr00         [13] 1555 	ld	a, (_bytes_read+1)
    000007BD 21r0Br00         [10] 1556 	ld	hl, #_bytes_read
    000007C0 B6               [ 7] 1557 	or	a, (hl)
    000007C1 28 3F            [12] 1558 	jr	z, 00233$
                                   1559 ;smram.c:795: MEGA_PORT0 = 0; // enable paging
    000007C3 AF               [ 4] 1560 	xor	a, a
    000007C4 D3 8E            [11] 1561 	out	(_MEGA_PORT0), a
                                   1562 ;smram.c:796: *((uchar *)0x4000) = loadpage + page;
    000007C6 21r11r00         [10] 1563 	ld	hl, #_page
    000007C9 3Ar10r00         [13] 1564 	ld	a, (_loadpage+0)
    000007CC 86               [ 7] 1565 	add	a, (hl)
    000007CD 32 00 40         [13] 1566 	ld	(#0x4000), a
                                   1567 ;smram.c:797: b = MEGA_PORT0; (b); // enable ram
    000007D0 DB 8E            [11] 1568 	in	a, (_MEGA_PORT0)
    000007D2 32r03r00         [13] 1569 	ld	(#_b), a
                                   1570 ;smram.c:798: memcpy((void*)0x4000, (void*)0x8000, bytes_read);
    000007D5 11 00 40         [10] 1571 	ld	de, #0x4000
    000007D8 21 00 80         [10] 1572 	ld	hl, #0x8000
    000007DB ED 4Br0Br00      [20] 1573 	ld	bc, (_bytes_read)
    000007DF 78               [ 4] 1574 	ld	a, b
    000007E0 B1               [ 4] 1575 	or	a, c
    000007E1 28 02            [12] 1576 	jr	z, 01281$
    000007E3 ED B0            [21] 1577 	ldir
    000007E5                       1578 01281$:
                                   1579 ;smram.c:799: romsize += bytes_read;
    000007E5 ED 4Br0Br00      [20] 1580 	ld	bc, (_bytes_read)
    000007E9 11 00 00         [10] 1581 	ld	de, #0x0000
    000007EC 79               [ 4] 1582 	ld	a, c
    000007ED 21r12r00         [10] 1583 	ld	hl, #_romsize
    000007F0 86               [ 7] 1584 	add	a, (hl)
    000007F1 77               [ 7] 1585 	ld	(hl), a
    000007F2 23               [ 6] 1586 	inc	hl
    000007F3 78               [ 4] 1587 	ld	a, b
    000007F4 8E               [ 7] 1588 	adc	a, (hl)
    000007F5 77               [ 7] 1589 	ld	(hl), a
    000007F6 23               [ 6] 1590 	inc	hl
    000007F7 7B               [ 4] 1591 	ld	a, e
    000007F8 8E               [ 7] 1592 	adc	a, (hl)
    000007F9 77               [ 7] 1593 	ld	(hl), a
    000007FA 23               [ 6] 1594 	inc	hl
    000007FB 7A               [ 4] 1595 	ld	a, d
    000007FC 8E               [ 7] 1596 	adc	a, (hl)
    000007FD 77               [ 7] 1597 	ld	(hl), a
                                   1598 ;smram.c:800: page++;
    000007FE 21r11r00         [10] 1599 	ld	hl, #_page
    00000801 34               [11] 1600 	inc	(hl)
    00000802                       1601 00233$:
                                   1602 ;smram.c:802: MEGA_PORT0 = 0; // enable paging
    00000802 AF               [ 4] 1603 	xor	a, a
    00000803 D3 8E            [11] 1604 	out	(_MEGA_PORT0), a
                                   1605 ;smram.c:803: printf("\b\b\b\b\b\b%04dKB", (uint)(romsize >> 10));
    00000805 2Ar13r00         [16] 1606 	ld	hl, (_romsize + 1)
    00000808 3Ar15r00         [13] 1607 	ld	a, (_romsize+3)
    0000080B 06 02            [ 7] 1608 	ld	b, #0x02
    0000080D                       1609 01282$:
    0000080D CB 3F            [ 8] 1610 	srl	a
    0000080F CB 1C            [ 8] 1611 	rr	h
    00000811 CB 1D            [ 8] 1612 	rr	l
    00000813 10 F8            [13] 1613 	djnz	01282$
    00000815 E5               [11] 1614 	push	hl
    00000816 21r53r0E         [10] 1615 	ld	hl, #___str_15
    00000819 E5               [11] 1616 	push	hl
    0000081A CDr00r00         [17] 1617 	call	_printf
    0000081D F1               [10] 1618 	pop	af
    0000081E F1               [10] 1619 	pop	af
                                   1620 ;smram.c:805: } while (bytes_read > 0);
    0000081F 3Ar0Cr00         [13] 1621 	ld	a, (_bytes_read+1)
    00000822 21r0Br00         [10] 1622 	ld	hl, #_bytes_read
    00000825 B6               [ 7] 1623 	or	a, (hl)
    00000826 C2r33r07         [10] 1624 	jp	nz, 00234$
                                   1625 ;smram.c:807: *((uchar *)0x4000) = 0;
    00000829 21 00 40         [10] 1626 	ld	hl, #0x4000
    0000082C 36 00            [10] 1627 	ld	(hl), #0x00
                                   1628 ;smram.c:809: dos2_close(handle);
    0000082E 3Ar0Ar00         [13] 1629 	ld	a, (_handle)
    00000831 CDr9Br00         [17] 1630 	call	_dos2_close
    00000834 18 22            [12] 1631 	jr	00239$
    00000836                       1632 00238$:
                                   1633 ;smram.c:813: enaslt(*((uchar*)RAMAD1), 0x4000);
    00000836 3A 42 F3         [13] 1634 	ld	a, (#0xf342)
    00000839 11 00 40         [10] 1635 	ld	de, #0x4000
    0000083C CDr48r00         [17] 1636 	call	_enaslt
                                   1637 ;smram.c:814: enaslt(*((uchar*)RAMAD2), 0x8000);
    0000083F 3A 43 F3         [13] 1638 	ld	a, (#0xf343)
    00000842 11 00 80         [10] 1639 	ld	de, #0x8000
    00000845 CDr48r00         [17] 1640 	call	_enaslt
                                   1641 ;smram.c:815: printf("ERROR: Failed loading %s\n\r", filename);
    00000848 2Ar01r00         [16] 1642 	ld	hl, (_filename)
    0000084B E5               [11] 1643 	push	hl
    0000084C 21r60r0E         [10] 1644 	ld	hl, #___str_16
    0000084F E5               [11] 1645 	push	hl
    00000850 CDr00r00         [17] 1646 	call	_printf
    00000853 F1               [10] 1647 	pop	af
    00000854 F1               [10] 1648 	pop	af
                                   1649 ;smram.c:816: __asm jp 0x0000 __endasm;
    00000855 C3 00 00         [10] 1650 	jp	0x0000 
    00000858                       1651 00239$:
                                   1652 ;smram.c:818: *t = ' '; // restore space
    00000858 2Ar06r00         [16] 1653 	ld	hl, (_t)
    0000085B 36 20            [10] 1654 	ld	(hl), #0x20
                                   1655 ;smram.c:820: if (!mapperSpecified && romsize <= 0x10000UL)
    0000085D 3Ar08r00         [13] 1656 	ld	a, (_mapperSpecified+0)
    00000860 B7               [ 4] 1657 	or	a,a
    00000861 20 2C            [12] 1658 	jr	nz, 00243$
    00000863 FD 21r12r00      [14] 1659 	ld	iy, #_romsize
    00000867 FD BE 00         [19] 1660 	cp	a, 0 (iy)
    0000086A FD 9E 01         [19] 1661 	sbc	a, 1 (iy)
    0000086D ED 5Br14r00      [20] 1662 	ld	de, (_romsize + 2)
    00000871 21 01 00         [10] 1663 	ld	hl, #0x0001
    00000874 ED 52            [15] 1664 	sbc	hl, de
    00000876 38 17            [12] 1665 	jr	c, 00243$
                                   1666 ;smram.c:822: megaram_type = TYPE_LINEAR;
    00000878 21 02 00         [10] 1667 	ld	hl, #0x0002
    0000087B 22r03r00         [16] 1668 	ld	(_megaram_type), hl
                                   1669 ;smram.c:823: if (headerValid)
    0000087E 3Ar09r00         [13] 1670 	ld	a, (_headerValid+0)
    00000881 B7               [ 4] 1671 	or	a, a
    00000882 28 0B            [12] 1672 	jr	z, 00243$
                                   1673 ;smram.c:824: loadpage = (uchar)((romstart >> 13) & 0xFE);
    00000884 3Ar18r01         [13] 1674 	ld	a, (_romstart+1)
    00000887 07               [ 4] 1675 	rlca
    00000888 07               [ 4] 1676 	rlca
    00000889 07               [ 4] 1677 	rlca
    0000088A E6 06            [ 7] 1678 	and	a, #0x6
    0000088C 32r10r00         [13] 1679 	ld	(#_loadpage), a
    0000088F                       1680 00243$:
                                   1681 ;smram.c:839: if (megaram_type == TYPE_LINEAR)
    0000088F 3Ar03r00         [13] 1682 	ld	a, (_megaram_type)
    00000892 D6 02            [ 7] 1683 	sub	a, #0x02
    00000894 21r04r00         [10] 1684 	ld	hl, #_megaram_type + 1
    00000897 B6               [ 7] 1685 	or	a, (hl)
    00000898 C2r9Ar09         [10] 1686 	jp	nz, 00256$
                                   1687 ;smram.c:841: if (!linearHeaderValid)
    0000089B 3Ar0Ar00         [13] 1688 	ld	a, (_linearHeaderValid+0)
    0000089E B7               [ 4] 1689 	or	a, a
    0000089F 20 1D            [12] 1690 	jr	nz, 00246$
                                   1691 ;smram.c:843: enaslt(*((uchar*)RAMAD1), 0x4000);
    000008A1 3A 42 F3         [13] 1692 	ld	a, (#0xf342)
    000008A4 11 00 40         [10] 1693 	ld	de, #0x4000
    000008A7 CDr48r00         [17] 1694 	call	_enaslt
                                   1695 ;smram.c:844: enaslt(*((uchar*)RAMAD2), 0x8000);
    000008AA 3A 43 F3         [13] 1696 	ld	a, (#0xf343)
    000008AD 11 00 80         [10] 1697 	ld	de, #0x8000
    000008B0 CDr48r00         [17] 1698 	call	_enaslt
                                   1699 ;smram.c:846: printf("ERROR: LINEAR ROM has no AB header\n\r");
    000008B3 21r7Br0E         [10] 1700 	ld	hl, #___str_17
    000008B6 E5               [11] 1701 	push	hl
    000008B7 CDr00r00         [17] 1702 	call	_printf
    000008BA F1               [10] 1703 	pop	af
                                   1704 ;smram.c:848: __asm jp 0x0000 __endasm;
    000008BB C3 00 00         [10] 1705 	jp	0x0000 
    000008BE                       1706 00246$:
                                   1707 ;smram.c:854: romstart = linearRomstart;
    000008BE 2Ar1Br01         [16] 1708 	ld	hl, (_linearRomstart)
    000008C1 22r17r01         [16] 1709 	ld	(_romstart), hl
                                   1710 ;smram.c:855: if (romsize + ((ulong)loadpage << 13) > 0x10000UL)
    000008C4 3Ar10r00         [13] 1711 	ld	a, (_loadpage)
    000008C7 4F               [ 4] 1712 	ld	c, a
    000008C8 06 00            [ 7] 1713 	ld	b, #0x00
    000008CA 11 00 00         [10] 1714 	ld	de, #0x0000
    000008CD 53               [ 4] 1715 	ld	d, e
    000008CE 58               [ 4] 1716 	ld	e, b
    000008CF 41               [ 4] 1717 	ld	b, c
    000008D0 3E 05            [ 7] 1718 	ld	a, #0x05
    000008D2                       1719 01286$:
    000008D2 CB 20            [ 8] 1720 	sla	b
    000008D4 CB 13            [ 8] 1721 	rl	e
    000008D6 CB 12            [ 8] 1722 	rl	d
    000008D8 3D               [ 4] 1723 	dec	a
    000008D9 20 F7            [12] 1724 	jr	nz, 01286$
    000008DB 3Ar12r00         [13] 1725 	ld	a, (#_romsize + 0)
    000008DE 4F               [ 4] 1726 	ld	c, a
    000008DF 3Ar13r00         [13] 1727 	ld	a, (_romsize+1)
    000008E2 80               [ 4] 1728 	add	a, b
    000008E3 47               [ 4] 1729 	ld	b, a
    000008E4 3Ar14r00         [13] 1730 	ld	a, (_romsize+2)
    000008E7 8B               [ 4] 1731 	adc	a, e
    000008E8 5F               [ 4] 1732 	ld	e, a
    000008E9 3Ar15r00         [13] 1733 	ld	a, (_romsize+3)
    000008EC 8A               [ 4] 1734 	adc	a, d
    000008ED 57               [ 4] 1735 	ld	d, a
    000008EE AF               [ 4] 1736 	xor	a, a
    000008EF B9               [ 4] 1737 	cp	a, c
    000008F0 98               [ 4] 1738 	sbc	a, b
    000008F1 21 01 00         [10] 1739 	ld	hl, #0x0001
    000008F4 ED 52            [15] 1740 	sbc	hl, de
    000008F6 30 2A            [12] 1741 	jr	nc, 00248$
                                   1742 ;smram.c:857: enaslt(*((uchar*)RAMAD1), 0x4000);
    000008F8 3A 42 F3         [13] 1743 	ld	a, (#0xf342)
    000008FB 11 00 40         [10] 1744 	ld	de, #0x4000
    000008FE CDr48r00         [17] 1745 	call	_enaslt
                                   1746 ;smram.c:858: enaslt(*((uchar*)RAMAD2), 0x8000);
    00000901 3A 43 F3         [13] 1747 	ld	a, (#0xf343)
    00000904 11 00 80         [10] 1748 	ld	de, #0x8000
    00000907 CDr48r00         [17] 1749 	call	_enaslt
                                   1750 ;smram.c:861: (uint)((uint)loadpage << 13));
    0000090A 3Ar10r00         [13] 1751 	ld	a, (_loadpage)
    0000090D 0F               [ 4] 1752 	rrca
    0000090E 0F               [ 4] 1753 	rrca
    0000090F 0F               [ 4] 1754 	rrca
    00000910 E6 E0            [ 7] 1755 	and	a, #0xe0
    00000912 57               [ 4] 1756 	ld	d, a
    00000913 1E 00            [ 7] 1757 	ld	e, #0x00
                                   1758 ;smram.c:860: printf("ERROR: LINEAR ROM does not fit at 0x%04x\n\r",
    00000915 01rA0r0E         [10] 1759 	ld	bc, #___str_18+0
    00000918 D5               [11] 1760 	push	de
    00000919 C5               [11] 1761 	push	bc
    0000091A CDr00r00         [17] 1762 	call	_printf
    0000091D F1               [10] 1763 	pop	af
    0000091E F1               [10] 1764 	pop	af
                                   1765 ;smram.c:863: __asm jp 0x0000 __endasm;
    0000091F C3 00 00         [10] 1766 	jp	0x0000 
    00000922                       1767 00248$:
                                   1768 ;smram.c:870: if (!mapperSpecified && loadpage != 0)
    00000922 3Ar08r00         [13] 1769 	ld	a, (_mapperSpecified+0)
    00000925 B7               [ 4] 1770 	or	a, a
    00000926 20 72            [12] 1771 	jr	nz, 00256$
    00000928 3Ar10r00         [13] 1772 	ld	a, (_loadpage+0)
    0000092B B7               [ 4] 1773 	or	a, a
    0000092C 28 6C            [12] 1774 	jr	z, 00256$
                                   1775 ;smram.c:872: page = (uchar)((romsize + 0x1FFFUL) >> 13);
    0000092E 3Ar12r00         [13] 1776 	ld	a, (_romsize+0)
    00000931 C6 FF            [ 7] 1777 	add	a, #0xff
    00000933 3Ar13r00         [13] 1778 	ld	a, (_romsize+1)
    00000936 CE 1F            [ 7] 1779 	adc	a, #0x1f
    00000938 57               [ 4] 1780 	ld	d, a
    00000939 3Ar14r00         [13] 1781 	ld	a, (_romsize+2)
    0000093C CE 00            [ 7] 1782 	adc	a, #0x00
    0000093E 4F               [ 4] 1783 	ld	c, a
    0000093F 3Ar15r00         [13] 1784 	ld	a, (_romsize+3)
    00000942 CE 00            [ 7] 1785 	adc	a, #0x00
    00000944 47               [ 4] 1786 	ld	b, a
    00000945 7A               [ 4] 1787 	ld	a, d
    00000946 58               [ 4] 1788 	ld	e, b
    00000947 06 05            [ 7] 1789 	ld	b, #0x05
    00000949                       1790 01288$:
    00000949 CB 3B            [ 8] 1791 	srl	e
    0000094B CB 19            [ 8] 1792 	rr	c
    0000094D CB 1F            [ 8] 1793 	rr	a
    0000094F 10 F8            [13] 1794 	djnz	01288$
    00000951 32r11r00         [13] 1795 	ld	(_page), a
                                   1796 ;smram.c:873: while (page > 0)
    00000954                       1797 00249$:
    00000954 3Ar11r00         [13] 1798 	ld	a, (_page+0)
    00000957 B7               [ 4] 1799 	or	a, a
    00000958 28 3D            [12] 1800 	jr	z, 00251$
                                   1801 ;smram.c:875: page--;
    0000095A 21r11r00         [10] 1802 	ld	hl, #_page
    0000095D 35               [11] 1803 	dec	(hl)
                                   1804 ;smram.c:876: MEGA_PORT0 = 0;
    0000095E AF               [ 4] 1805 	xor	a, a
    0000095F D3 8E            [11] 1806 	out	(_MEGA_PORT0), a
                                   1807 ;smram.c:877: *((uchar*)0x4000) = page;
    00000961 21 00 40         [10] 1808 	ld	hl, #0x4000
    00000964 3Ar11r00         [13] 1809 	ld	a, (_page)
    00000967 77               [ 7] 1810 	ld	(hl), a
                                   1811 ;smram.c:878: b = MEGA_PORT0; (b);
    00000968 DB 8E            [11] 1812 	in	a, (_MEGA_PORT0)
    0000096A 32r03r00         [13] 1813 	ld	(#_b), a
                                   1814 ;smram.c:879: memcpy((void*)0x8000, (void*)0x4000, 0x2000);
    0000096D 11 00 80         [10] 1815 	ld	de, #0x8000
    00000970 21 00 40         [10] 1816 	ld	hl, #0x4000
    00000973 01 00 20         [10] 1817 	ld	bc, #0x2000
    00000976 ED B0            [21] 1818 	ldir
                                   1819 ;smram.c:881: MEGA_PORT0 = 0;
    00000978 AF               [ 4] 1820 	xor	a, a
    00000979 D3 8E            [11] 1821 	out	(_MEGA_PORT0), a
                                   1822 ;smram.c:882: *((uchar*)0x4000) = loadpage + page;
    0000097B 21r11r00         [10] 1823 	ld	hl, #_page
    0000097E 3Ar10r00         [13] 1824 	ld	a, (_loadpage+0)
    00000981 86               [ 7] 1825 	add	a, (hl)
    00000982 32 00 40         [13] 1826 	ld	(#0x4000), a
                                   1827 ;smram.c:883: b = MEGA_PORT0; (b);
    00000985 DB 8E            [11] 1828 	in	a, (_MEGA_PORT0)
    00000987 32r03r00         [13] 1829 	ld	(#_b), a
                                   1830 ;smram.c:884: memcpy((void*)0x4000, (void*)0x8000, 0x2000);
    0000098A 11 00 40         [10] 1831 	ld	de, #0x4000
    0000098D 21 00 80         [10] 1832 	ld	hl, #0x8000
    00000990 01 00 20         [10] 1833 	ld	bc, #0x2000
    00000993 ED B0            [21] 1834 	ldir
    00000995 18 BD            [12] 1835 	jr	00249$
    00000997                       1836 00251$:
                                   1837 ;smram.c:886: MEGA_PORT0 = 0;
    00000997 AF               [ 4] 1838 	xor	a, a
    00000998 D3 8E            [11] 1839 	out	(_MEGA_PORT0), a
    0000099A                       1840 00256$:
                                   1841 ;smram.c:890: print_mapper_type();
    0000099A CDrCFr01         [17] 1842 	call	_print_mapper_type
                                   1843 ;smram.c:891: MEGA_PORT1 = megaram_type;
    0000099D 3Ar03r00         [13] 1844 	ld	a, (_megaram_type+0)
    000009A0 D3 8F            [11] 1845 	out	(_MEGA_PORT1), a
                                   1846 ;smram.c:893: if (exitAfterLoad)
    000009A2 3Ar0Br00         [13] 1847 	ld	a, (_exitAfterLoad+0)
    000009A5 B7               [ 4] 1848 	or	a, a
    000009A6 28 1D            [12] 1849 	jr	z, 00258$
                                   1850 ;smram.c:898: enaslt(*((uchar*)RAMAD1), 0x4000);
    000009A8 3A 42 F3         [13] 1851 	ld	a, (#0xf342)
    000009AB 11 00 40         [10] 1852 	ld	de, #0x4000
    000009AE CDr48r00         [17] 1853 	call	_enaslt
                                   1854 ;smram.c:899: enaslt(*((uchar*)RAMAD2), 0x8000);
    000009B1 3A 43 F3         [13] 1855 	ld	a, (#0xf343)
    000009B4 11 00 80         [10] 1856 	ld	de, #0x8000
    000009B7 CDr48r00         [17] 1857 	call	_enaslt
                                   1858 ;smram.c:900: printf("\n\rROM loaded; returning to DOS.\n\r");
    000009BA 21rCBr0E         [10] 1859 	ld	hl, #___str_19
    000009BD E5               [11] 1860 	push	hl
    000009BE CDr00r00         [17] 1861 	call	_printf
    000009C1 F1               [10] 1862 	pop	af
                                   1863 ;smram.c:901: __asm jp 0x0000 __endasm;
    000009C2 C3 00 00         [10] 1864 	jp	0x0000 
    000009C5                       1865 00258$:
                                   1866 ;smram.c:905: startpage = (uchar)(romstart >> 14);
    000009C5 3Ar18r01         [13] 1867 	ld	a, (_romstart+1)
    000009C8 07               [ 4] 1868 	rlca
    000009C9 07               [ 4] 1869 	rlca
    000009CA E6 03            [ 7] 1870 	and	a, #0x03
    000009CC 32r0Fr00         [13] 1871 	ld	(_startpage), a
                                   1872 ;smram.c:906: if (stepDebug && !breakpointAddressSpecified)
    000009CF 3Ar0Cr00         [13] 1873 	ld	a, (_stepDebug+0)
    000009D2 B7               [ 4] 1874 	or	a, a
    000009D3 28 0C            [12] 1875 	jr	z, 00260$
    000009D5 3Ar0Dr00         [13] 1876 	ld	a, (_breakpointAddressSpecified+0)
    000009D8 B7               [ 4] 1877 	or	a, a
    000009D9 20 06            [12] 1878 	jr	nz, 00260$
                                   1879 ;smram.c:907: breakpointAddress = romstart;
    000009DB 2Ar17r01         [16] 1880 	ld	hl, (_romstart)
    000009DE 22r19r01         [16] 1881 	ld	(_breakpointAddress), hl
    000009E1                       1882 00260$:
                                   1883 ;smram.c:908: if (megaram_type == TYPE_LINEAR)
    000009E1 3Ar03r00         [13] 1884 	ld	a, (_megaram_type)
    000009E4 D6 02            [ 7] 1885 	sub	a, #0x02
    000009E6 21r04r00         [10] 1886 	ld	hl, #_megaram_type + 1
    000009E9 B6               [ 7] 1887 	or	a, (hl)
    000009EA 20 2C            [12] 1888 	jr	nz, 00270$
                                   1889 ;smram.c:913: enaslt(*((uchar*)BASICSLT), 0x4000);
    000009EC 3A C2 FC         [13] 1890 	ld	a, (#0xfcc2)
    000009EF 11 00 40         [10] 1891 	ld	de, #0x4000
    000009F2 CDr48r00         [17] 1892 	call	_enaslt
                                   1893 ;smram.c:914: if (startpage == 1)
    000009F5 3Ar0Fr00         [13] 1894 	ld	a, (_startpage)
    000009F8 3D               [ 4] 1895 	dec	a
    000009F9 20 0B            [12] 1896 	jr	nz, 00265$
                                   1897 ;smram.c:915: enaslt(sslt, 0x4000);
    000009FB 11 00 40         [10] 1898 	ld	de, #0x4000
    000009FE 3Ar02r00         [13] 1899 	ld	a, (_sslt)
    00000A01 CDr48r00         [17] 1900 	call	_enaslt
    00000A04 18 2B            [12] 1901 	jr	00271$
    00000A06                       1902 00265$:
                                   1903 ;smram.c:916: else if (startpage == 2)
    00000A06 3Ar0Fr00         [13] 1904 	ld	a, (_startpage)
    00000A09 D6 02            [ 7] 1905 	sub	a, #0x02
    00000A0B 20 24            [12] 1906 	jr	nz, 00271$
                                   1907 ;smram.c:917: enaslt(sslt, 0x8000);
    00000A0D 11 00 80         [10] 1908 	ld	de, #0x8000
    00000A10 3Ar02r00         [13] 1909 	ld	a, (_sslt)
    00000A13 CDr48r00         [17] 1910 	call	_enaslt
    00000A16 18 19            [12] 1911 	jr	00271$
    00000A18                       1912 00270$:
                                   1913 ;smram.c:921: enaslt(sslt, 0x4000);
    00000A18 11 00 40         [10] 1914 	ld	de, #0x4000
    00000A1B 3Ar02r00         [13] 1915 	ld	a, (_sslt)
    00000A1E CDr48r00         [17] 1916 	call	_enaslt
                                   1917 ;smram.c:922: if (startpage >= 2)
    00000A21 3Ar0Fr00         [13] 1918 	ld	a, (_startpage+0)
    00000A24 D6 02            [ 7] 1919 	sub	a, #0x02
    00000A26 38 09            [12] 1920 	jr	c, 00271$
                                   1921 ;smram.c:923: enaslt(sslt, 0x8000);
    00000A28 11 00 80         [10] 1922 	ld	de, #0x8000
    00000A2B 3Ar02r00         [13] 1923 	ld	a, (_sslt)
    00000A2E CDr48r00         [17] 1924 	call	_enaslt
    00000A31                       1925 00271$:
                                   1926 ;smram.c:925: printf("\n\r\n\rStart address: 0x%04x (page %d)\n\r", romstart, (int)startpage);
    00000A31 3Ar0Fr00         [13] 1927 	ld	a, (_startpage)
    00000A34 4F               [ 4] 1928 	ld	c, a
    00000A35 06 00            [ 7] 1929 	ld	b, #0x00
    00000A37 C5               [11] 1930 	push	bc
    00000A38 2Ar17r01         [16] 1931 	ld	hl, (_romstart)
    00000A3B E5               [11] 1932 	push	hl
    00000A3C 21rEDr0E         [10] 1933 	ld	hl, #___str_20
    00000A3F E5               [11] 1934 	push	hl
    00000A40 CDr00r00         [17] 1935 	call	_printf
    00000A43 F1               [10] 1936 	pop	af
    00000A44 F1               [10] 1937 	pop	af
    00000A45 F1               [10] 1938 	pop	af
                                   1939 ;smram.c:927: switch(megaram_type)
    00000A46 3Ar03r00         [13] 1940 	ld	a, (_megaram_type)
    00000A49 D6 04            [ 7] 1941 	sub	a, #0x04
    00000A4B FD 21r03r00      [14] 1942 	ld	iy, #_megaram_type
    00000A4F FD B6 01         [19] 1943 	or	a, 1 (iy)
    00000A52 28 20            [12] 1944 	jr	z, 00273$
    00000A54 3Ar03r00         [13] 1945 	ld	a, (_megaram_type+0)
    00000A57 D6 05            [ 7] 1946 	sub	a, #0x05
    00000A59 FD B6 01         [19] 1947 	or	a, 1 (iy)
    00000A5C 28 16            [12] 1948 	jr	z, 00273$
    00000A5E 3Ar03r00         [13] 1949 	ld	a, (_megaram_type+0)
    00000A61 D6 08            [ 7] 1950 	sub	a, #0x08
    00000A63 FD B6 01         [19] 1951 	or	a, 1 (iy)
    00000A66 28 38            [12] 1952 	jr	z, 00279$
    00000A68 3Ar03r00         [13] 1953 	ld	a, (_megaram_type+0)
    00000A6B D6 16            [ 7] 1954 	sub	a, #0x16
    00000A6D FD B6 01         [19] 1955 	or	a, 1 (iy)
    00000A70 28 1C            [12] 1956 	jr	z, 00276$
    00000A72 18 44            [12] 1957 	jr	00283$
                                   1958 ;smram.c:930: case TYPE_K5:
    00000A74                       1959 00273$:
                                   1960 ;smram.c:931: *((uchar *)0x4000) = 0;
    00000A74 21 00 40         [10] 1961 	ld	hl, #0x4000
    00000A77 36 00            [10] 1962 	ld	(hl), #0x00
                                   1963 ;smram.c:932: *((uchar *)0x6000) = 1;
    00000A79 26 60            [ 7] 1964 	ld	h, #0x60
    00000A7B 36 01            [10] 1965 	ld	(hl), #0x01
                                   1966 ;smram.c:933: if (startpage >= 2)
    00000A7D 3Ar0Fr00         [13] 1967 	ld	a, (_startpage+0)
    00000A80 D6 02            [ 7] 1968 	sub	a, #0x02
    00000A82 38 34            [12] 1969 	jr	c, 00283$
                                   1970 ;smram.c:935: *((uchar *)0x8000) = 0;
    00000A84 26 80            [ 7] 1971 	ld	h, #0x80
    00000A86 36 00            [10] 1972 	ld	(hl), #0x00
                                   1973 ;smram.c:936: *((uchar *)0xA000) = 1;
    00000A88 26 A0            [ 7] 1974 	ld	h, #0xa0
    00000A8A 36 01            [10] 1975 	ld	(hl), #0x01
                                   1976 ;smram.c:938: break;
    00000A8C 18 2A            [12] 1977 	jr	00283$
                                   1978 ;smram.c:939: case TYPE_A16:
    00000A8E                       1979 00276$:
                                   1980 ;smram.c:940: *((uchar *)0x6000) = 0;
    00000A8E 21 00 60         [10] 1981 	ld	hl, #0x6000
    00000A91 36 00            [10] 1982 	ld	(hl), #0x00
                                   1983 ;smram.c:941: if (startpage >= 2)
    00000A93 3Ar0Fr00         [13] 1984 	ld	a, (_startpage+0)
    00000A96 D6 02            [ 7] 1985 	sub	a, #0x02
    00000A98 38 1E            [12] 1986 	jr	c, 00283$
                                   1987 ;smram.c:942: *((uchar *)0x8000) = 0;
    00000A9A 26 80            [ 7] 1988 	ld	h, #0x80
    00000A9C 36 00            [10] 1989 	ld	(hl), #0x00
                                   1990 ;smram.c:943: break;
    00000A9E 18 18            [12] 1991 	jr	00283$
                                   1992 ;smram.c:944: case TYPE_A8:
    00000AA0                       1993 00279$:
                                   1994 ;smram.c:945: *((uchar *)0x6000) = 0;
    00000AA0 21 00 60         [10] 1995 	ld	hl, #0x6000
    00000AA3 36 00            [10] 1996 	ld	(hl), #0x00
                                   1997 ;smram.c:946: *((uchar *)0x6800) = 1;
    00000AA5 26 68            [ 7] 1998 	ld	h, #0x68
    00000AA7 36 01            [10] 1999 	ld	(hl), #0x01
                                   2000 ;smram.c:947: if (startpage >= 2)
    00000AA9 3Ar0Fr00         [13] 2001 	ld	a, (_startpage+0)
    00000AAC D6 02            [ 7] 2002 	sub	a, #0x02
    00000AAE 38 08            [12] 2003 	jr	c, 00283$
                                   2004 ;smram.c:949: *((uchar *)0x7000) = 0;
    00000AB0 26 70            [ 7] 2005 	ld	h, #0x70
    00000AB2 36 00            [10] 2006 	ld	(hl), #0x00
                                   2007 ;smram.c:950: *((uchar *)0x7800) = 1;
    00000AB4 26 78            [ 7] 2008 	ld	h, #0x78
    00000AB6 36 01            [10] 2009 	ld	(hl), #0x01
                                   2010 ;smram.c:955: }
    00000AB8                       2011 00283$:
                                   2012 ;smram.c:957: if (cpumode != 0)
    00000AB8 3Ar0Er00         [13] 2013 	ld	a, (_cpumode+0)
    00000ABB B7               [ 4] 2014 	or	a, a
    00000ABC 28 14            [12] 2015 	jr	z, 00285$
                                   2016 ;smram.c:958: chgcpu(cpumode == 1 ? Z80_ROM : cpumode == 2 ? R800_ROM : R800_DRAM);
    00000ABE 3Ar0Er00         [13] 2017 	ld	a, (_cpumode)
    00000AC1 3D               [ 4] 2018 	dec	a
    00000AC2 28 0B            [12] 2019 	jr	z, 00315$
    00000AC4 3Ar0Er00         [13] 2020 	ld	a, (_cpumode)
    00000AC7 D6 02            [ 7] 2021 	sub	a, #0x02
    00000AC9 3E 81            [ 7] 2022 	ld	a, #0x81
    00000ACB 28 02            [12] 2023 	jr	z, 00317$
    00000ACD 3E 82            [ 7] 2024 	ld	a, #0x82
    00000ACF                       2025 00317$:
    00000ACF                       2026 00315$:
    00000ACF CDr67r00         [17] 2027 	call	_chgcpu
    00000AD2                       2028 00285$:
                                   2029 ;smram.c:960: if (softReset == FALSE)
    00000AD2 3Ar07r00         [13] 2030 	ld	a, (_softReset+0)
    00000AD5 B7               [ 4] 2031 	or	a, a
    00000AD6 C2r75r0B         [10] 2032 	jp	nz, 00298$
                                   2033 ;smram.c:962: if (megaram_type == TYPE_LINEAR && startpage == 0)
    00000AD9 3Ar03r00         [13] 2034 	ld	a, (_megaram_type)
    00000ADC D6 02            [ 7] 2035 	sub	a, #0x02
    00000ADE 21r04r00         [10] 2036 	ld	hl, #_megaram_type + 1
    00000AE1 B6               [ 7] 2037 	or	a, (hl)
    00000AE2 3E 01            [ 7] 2038 	ld	a, #0x01
    00000AE4 28 01            [12] 2039 	jr	z, 01305$
    00000AE6 AF               [ 4] 2040 	xor	a, a
    00000AE7                       2041 01305$:
    00000AE7 4F               [ 4] 2042 	ld	c, a
    00000AE8 B7               [ 4] 2043 	or	a, a
    00000AE9 28 20            [12] 2044 	jr	z, 00294$
    00000AEB 3Ar0Fr00         [13] 2045 	ld	a, (_startpage+0)
    00000AEE B7               [ 4] 2046 	or	a, a
    00000AEF 20 1A            [12] 2047 	jr	nz, 00294$
                                   2048 ;smram.c:963: memcpy((void*)0xC000, &runROM_page0, ((uint)&runROM_page0_end - (uint)&runROM_page0));
    00000AF1 21r09r01         [10] 2049 	ld	hl, #_runROM_page0
    00000AF4 01r3Dr01         [10] 2050 	ld	bc, #_runROM_page0_end
    00000AF7 11r09r01         [10] 2051 	ld	de, #_runROM_page0
    00000AFA 79               [ 4] 2052 	ld	a, c
    00000AFB 93               [ 4] 2053 	sub	a, e
    00000AFC 4F               [ 4] 2054 	ld	c, a
    00000AFD 78               [ 4] 2055 	ld	a, b
    00000AFE 9A               [ 4] 2056 	sbc	a, d
    00000AFF 47               [ 4] 2057 	ld	b, a
    00000B00 11 00 C0         [10] 2058 	ld	de, #0xc000
    00000B03 78               [ 4] 2059 	ld	a, b
    00000B04 B1               [ 4] 2060 	or	a, c
    00000B05 28 68            [12] 2061 	jr	z, 00295$
    00000B07 ED B0            [21] 2062 	ldir
    00000B09 18 64            [12] 2063 	jr	00295$
    00000B0B                       2064 00294$:
                                   2065 ;smram.c:964: else if (megaram_type == TYPE_LINEAR && startpage == 3)
    00000B0B 79               [ 4] 2066 	ld	a, c
    00000B0C B7               [ 4] 2067 	or	a, a
    00000B0D 28 27            [12] 2068 	jr	z, 00290$
    00000B0F 3Ar0Fr00         [13] 2069 	ld	a, (_startpage)
    00000B12 D6 03            [ 7] 2070 	sub	a, #0x03
    00000B14 20 20            [12] 2071 	jr	nz, 00290$
                                   2072 ;smram.c:966: memcpy((void*)0x8000, &runROM_page3, ((uint)&runROM_page3_end - (uint)&runROM_page3));
    00000B16 21r6Er01         [10] 2073 	ld	hl, #_runROM_page3
    00000B19 01rA0r01         [10] 2074 	ld	bc, #_runROM_page3_end
    00000B1C 11r6Er01         [10] 2075 	ld	de, #_runROM_page3
    00000B1F 79               [ 4] 2076 	ld	a, c
    00000B20 93               [ 4] 2077 	sub	a, e
    00000B21 4F               [ 4] 2078 	ld	c, a
    00000B22 78               [ 4] 2079 	ld	a, b
    00000B23 9A               [ 4] 2080 	sbc	a, d
    00000B24 47               [ 4] 2081 	ld	b, a
    00000B25 11 00 80         [10] 2082 	ld	de, #0x8000
    00000B28 78               [ 4] 2083 	ld	a, b
    00000B29 B1               [ 4] 2084 	or	a, c
    00000B2A 28 02            [12] 2085 	jr	z, 01309$
    00000B2C ED B0            [21] 2086 	ldir
    00000B2E                       2087 01309$:
                                   2088 ;smram.c:967: jump(0x8000);
    00000B2E 21 00 80         [10] 2089 	ld	hl, #0x8000
    00000B31 CDrD3r00         [17] 2090 	call	_jump
    00000B34 18 39            [12] 2091 	jr	00295$
    00000B36                       2092 00290$:
                                   2093 ;smram.c:969: else if (startpage >= 2)
    00000B36 3Ar0Fr00         [13] 2094 	ld	a, (_startpage+0)
    00000B39 D6 02            [ 7] 2095 	sub	a, #0x02
    00000B3B 38 1A            [12] 2096 	jr	c, 00287$
                                   2097 ;smram.c:970: memcpy((void*)0xC000, &runROM_page2, ((uint)&runROM_page2_end - (uint)&runROM_page2));
    00000B3D 21r3Dr01         [10] 2098 	ld	hl, #_runROM_page2
    00000B40 01r6Er01         [10] 2099 	ld	bc, #_runROM_page2_end
    00000B43 11r3Dr01         [10] 2100 	ld	de, #_runROM_page2
    00000B46 79               [ 4] 2101 	ld	a, c
    00000B47 93               [ 4] 2102 	sub	a, e
    00000B48 4F               [ 4] 2103 	ld	c, a
    00000B49 78               [ 4] 2104 	ld	a, b
    00000B4A 9A               [ 4] 2105 	sbc	a, d
    00000B4B 47               [ 4] 2106 	ld	b, a
    00000B4C 11 00 C0         [10] 2107 	ld	de, #0xc000
    00000B4F 78               [ 4] 2108 	ld	a, b
    00000B50 B1               [ 4] 2109 	or	a, c
    00000B51 28 1C            [12] 2110 	jr	z, 00295$
    00000B53 ED B0            [21] 2111 	ldir
    00000B55 18 18            [12] 2112 	jr	00295$
    00000B57                       2113 00287$:
                                   2114 ;smram.c:972: memcpy((void*)0xC000, &runROM_page1, ((uint)&runROM_page1_end - (uint)&runROM_page1));
    00000B57 21rD8r00         [10] 2115 	ld	hl, #_runROM_page1
    00000B5A 01r09r01         [10] 2116 	ld	bc, #_runROM_page1_end
    00000B5D 11rD8r00         [10] 2117 	ld	de, #_runROM_page1
    00000B60 79               [ 4] 2118 	ld	a, c
    00000B61 93               [ 4] 2119 	sub	a, e
    00000B62 4F               [ 4] 2120 	ld	c, a
    00000B63 78               [ 4] 2121 	ld	a, b
    00000B64 9A               [ 4] 2122 	sbc	a, d
    00000B65 47               [ 4] 2123 	ld	b, a
    00000B66 11 00 C0         [10] 2124 	ld	de, #0xc000
    00000B69 78               [ 4] 2125 	ld	a, b
    00000B6A B1               [ 4] 2126 	or	a, c
    00000B6B 28 02            [12] 2127 	jr	z, 01311$
    00000B6D ED B0            [21] 2128 	ldir
    00000B6F                       2129 01311$:
    00000B6F                       2130 00295$:
                                   2131 ;smram.c:974: jump(0xC000);
    00000B6F 21 00 C0         [10] 2132 	ld	hl, #0xc000
    00000B72 CDrD3r00         [17] 2133 	call	_jump
    00000B75                       2134 00298$:
                                   2135 ;smram.c:977: memcpy((void*)0xC000, &runROM_Reset, ((uint)&runROM_Reset_end - (uint)&runROM_Reset));
    00000B75 21rA0r01         [10] 2136 	ld	hl, #_runROM_Reset
    00000B78 01rCFr01         [10] 2137 	ld	bc, #_runROM_Reset_end
    00000B7B 11rA0r01         [10] 2138 	ld	de, #_runROM_Reset
    00000B7E 79               [ 4] 2139 	ld	a, c
    00000B7F 93               [ 4] 2140 	sub	a, e
    00000B80 4F               [ 4] 2141 	ld	c, a
    00000B81 78               [ 4] 2142 	ld	a, b
    00000B82 9A               [ 4] 2143 	sbc	a, d
    00000B83 47               [ 4] 2144 	ld	b, a
    00000B84 11 00 C0         [10] 2145 	ld	de, #0xc000
    00000B87 78               [ 4] 2146 	ld	a, b
    00000B88 B1               [ 4] 2147 	or	a, c
    00000B89 28 02            [12] 2148 	jr	z, 01312$
    00000B8B ED B0            [21] 2149 	ldir
    00000B8D                       2150 01312$:
                                   2151 ;smram.c:978: jump(0xC000);
    00000B8D 21 00 C0         [10] 2152 	ld	hl, #0xc000
    00000B90 CDrD3r00         [17] 2153 	call	_jump
                                   2154 ;smram.c:980: return 1; // make sdcc happy
    00000B93 11 01 00         [10] 2155 	ld	de, #0x0001
                                   2156 ;smram.c:981: }
    00000B96 C9               [10] 2157 	ret
    00000B97                       2158 ___str_8:
    00000B97 57 6F 6E 64 65 72 54  2159 	.ascii "WonderTANG! uSD Driver"
             41 4E 47 21 20 75 53
             44 20 44 72 69 76 65
             72
    00000BAD 00                    2160 	.db 0x00
    00000BAE                       2161 ___str_9:
    00000BAE 57 6F 6E 64 65 72 54  2162 	.ascii "WonderTANG! Super MegaRAM SCC"
             41 4E 47 21 20 53 75
             70 65 72 20 4D 65 67
             61 52 41 4D 20 53 43
             43
    00000BCB 0A                    2163 	.db 0x0a
    00000BCC 0D                    2164 	.db 0x0d
    00000BCD 00                    2165 	.db 0x00
    00000BCE                       2166 ___str_10:
    00000BCE 76 33 2E 30 31 20 28  2167 	.ascii "v3.01 (new-juice)"
             6E 65 77 2D 6A 75 69
             63 65 29
    00000BDF 0A                    2168 	.db 0x0a
    00000BE0 0D                    2169 	.db 0x0d
    00000BE1 00                    2170 	.db 0x00
    00000BE2                       2171 ___str_11:
    00000BE2 45 52 52 4F 52 3A 20  2172 	.ascii "ERROR: WonderTANG! not found..."
             57 6F 6E 64 65 72 54
             41 4E 47 21 20 6E 6F
             74 20 66 6F 75 6E 64
             2E 2E 2E
    00000C01 0A                    2173 	.db 0x0a
    00000C02 0D                    2174 	.db 0x0d
    00000C03 00                    2175 	.db 0x00
    00000C04                       2176 ___str_12:
    00000C04 0A                    2177 	.db 0x0a
    00000C05 0D                    2178 	.db 0x0d
    00000C06 55 53 41 47 45 3A 20  2179 	.ascii "USAGE: SMRAM [/Rx /L /W /X /Zx /Y] [romfile]"
             53 4D 52 41 4D 20 5B
             2F 52 78 20 2F 4C 20
             2F 57 20 2F 58 20 2F
             5A 78 20 2F 59 5D 20
             5B 72 6F 6D 66 69 6C
             65 5D
    00000C32 0A                    2180 	.db 0x0a
    00000C33 0D                    2181 	.db 0x0d
    00000C34 0A                    2182 	.db 0x0a
    00000C35 0D                    2183 	.db 0x0d
    00000C36 20 2F 52 78 3A 20 53  2184 	.ascii " /Rx: Set MegaROM type"
             65 74 20 4D 65 67 61
             52 4F 4D 20 74 79 70
             65
    00000C4C 0A                    2185 	.db 0x0a
    00000C4D 0D                    2186 	.db 0x0d
    00000C4E 20 20 20 30 3A 20 4D  2187 	.ascii "   0: Megaram SCC (default)"
             65 67 61 72 61 6D 20
             53 43 43 20 28 64 65
             66 61 75 6C 74 29
    00000C69 0A                    2188 	.db 0x0a
    00000C6A 0D                    2189 	.db 0x0d
    00000C6B 20 20 20 31 3A 20 41  2190 	.ascii "   1: ASCII16     (/A16)"
             53 43 49 49 31 36 20
             20 20 20 20 28 2F 41
             31 36 29
    00000C83 0A                    2191 	.db 0x0a
    00000C84 0D                    2192 	.db 0x0d
    00000C85 20 20 20 32 3A 20 4C  2193 	.ascii "   2: LINEAR      (/L)"
             49 4E 45 41 52 20 20
             20 20 20 20 28 2F 4C
             29
    00000C9B 0A                    2194 	.db 0x0a
    00000C9C 0D                    2195 	.db 0x0d
    00000C9D 20 20 20 33 3A 20 41  2196 	.ascii "   3: ASCII8      (/A8)"
             53 43 49 49 38 20 20
             20 20 20 20 28 2F 41
             38 29
    00000CB4 0A                    2197 	.db 0x0a
    00000CB5 0D                    2198 	.db 0x0d
    00000CB6 20 20 20 35 3A 20 4B  2199 	.ascii "   5: Konami SCC  (/K5)"
             6F 6E 61 6D 69 20 53
             43 43 20 20 28 2F 4B
             35 29
    00000CCD 0A                    2200 	.db 0x0a
    00000CCE 0D                    2201 	.db 0x0d
    00000CCF 20 20 20 36 3A 20 4B  2202 	.ascii "   6: Konami      (/K4)"
             6F 6E 61 6D 69 20 20
             20 20 20 20 28 2F 4B
             34 29
    00000CE6 0A                    2203 	.db 0x0a
    00000CE7 0D                    2204 	.db 0x0d
    00000CE8 0A                    2205 	.db 0x0a
    00000CE9 0D                    2206 	.db 0x0d
    00000CEA 20 2F 44 3A 20 53 65  2207 	.ascii " /D: Set MegaRAM DDX type"
             74 20 4D 65 67 61 52
             41 4D 20 44 44 58 20
             74 79 70 65
    00000D03 0A                    2208 	.db 0x0a
    00000D04 0D                    2209 	.db 0x0d
    00000D05 20 2F 4C 3A 20 53 65  2210 	.ascii " /L: Set LINEAR type (automatic for ROMs <=64KB)"
             74 20 4C 49 4E 45 41
             52 20 74 79 70 65 20
             28 61 75 74 6F 6D 61
             74 69 63 20 66 6F 72
             20 52 4F 4D 73 20 3C
             3D 36 34 4B 42 29
    00000D35 0A                    2211 	.db 0x0a
    00000D36 0D                    2212 	.db 0x0d
    00000D37 20 2F 53 3A 20 53 6F  2213 	.ascii " /S: Soft reset"
             66 74 20 72 65 73 65
             74
    00000D46 0A                    2214 	.db 0x0a
    00000D47 0D                    2215 	.db 0x0d
    00000D48 20 2F 57 78 78 78 78  2216 	.ascii " /Wxxxx: Break on M1 at hex address xxxx"
             3A 20 42 72 65 61 6B
             20 6F 6E 20 4D 31 20
             61 74 20 68 65 78 20
             61 64 64 72 65 73 73
             20 78 78 78 78
    00000D70 0A                    2217 	.db 0x0a
    00000D71 0D                    2218 	.db 0x0d
    00000D72 20 20 20 20 20 20 20  2219 	.ascii "          (/W defaults to ROM start)"
             20 20 20 28 2F 57 20
             64 65 66 61 75 6C 74
             73 20 74 6F 20 52 4F
             4D 20 73 74 61 72 74
             29
    00000D96 0A                    2220 	.db 0x0a
    00000D97 0D                    2221 	.db 0x0d
    00000D98 20 2F 58 3A 20 4C 6F  2222 	.ascii " /X: Load ROM, set mapper, and return to DOS"
             61 64 20 52 4F 4D 2C
             20 73 65 74 20 6D 61
             70 70 65 72 2C 20 61
             6E 64 20 72 65 74 75
             72 6E 20 74 6F 20 44
             4F 53
    00000DC4 0A                    2223 	.db 0x0a
    00000DC5 0D                    2224 	.db 0x0d
    00000DC6 20 2F 5A 78 3A 20 53  2225 	.ascii " /Zx: Set cpu mode"
             65 74 20 63 70 75 20
             6D 6F 64 65
    00000DD8 0A                    2226 	.db 0x0a
    00000DD9 0D                    2227 	.db 0x0d
    00000DDA 20 20 20 30 3A 20 63  2228 	.ascii "   0: current"
             75 72 72 65 6E 74
    00000DE7 0A                    2229 	.db 0x0a
    00000DE8 0D                    2230 	.db 0x0d
    00000DE9 20 20 20 31 3A 20 5A  2231 	.ascii "   1: Z80"
             38 30
    00000DF2 0A                    2232 	.db 0x0a
    00000DF3 0D                    2233 	.db 0x0d
    00000DF4 20 20 20 32 3A 20 52  2234 	.ascii "   2: R800 ROM"
             38 30 30 20 52 4F 4D
    00000E02 0A                    2235 	.db 0x0a
    00000E03 0D                    2236 	.db 0x0d
    00000E04 20 20 20 33 3A 20 52  2237 	.ascii "   3: R800 DRAM"
             38 30 30 20 44 52 41
             4D
    00000E13 0A                    2238 	.db 0x0a
    00000E14 0D                    2239 	.db 0x0d
    00000E15 0A                    2240 	.db 0x0a
    00000E16 0D                    2241 	.db 0x0d
    00000E17 20 2F 59 3A 20 20 50  2242 	.ascii " /Y:  Preserve AB header"
             72 65 73 65 72 76 65
             20 41 42 20 68 65 61
             64 65 72
    00000E2F 0A                    2243 	.db 0x0a
    00000E30 0D                    2244 	.db 0x0d
    00000E31 0A                    2245 	.db 0x0a
    00000E32 0D                    2246 	.db 0x0d
    00000E33 00                    2247 	.db 0x00
    00000E34                       2248 ___str_13:
    00000E34 4C 6F 61 64 69 6E 67  2249 	.ascii "Loading ROM file: %s - "
             20 52 4F 4D 20 66 69
             6C 65 3A 20 25 73 20
             2D 20
    00000E4B 00                    2250 	.db 0x00
    00000E4C                       2251 ___str_14:
    00000E4C 25 30 34 64 4B 42     2252 	.ascii "%04dKB"
    00000E52 00                    2253 	.db 0x00
    00000E53                       2254 ___str_15:
    00000E53 08                    2255 	.db 0x08
    00000E54 08                    2256 	.db 0x08
    00000E55 08                    2257 	.db 0x08
    00000E56 08                    2258 	.db 0x08
    00000E57 08                    2259 	.db 0x08
    00000E58 08                    2260 	.db 0x08
    00000E59 25 30 34 64 4B 42     2261 	.ascii "%04dKB"
    00000E5F 00                    2262 	.db 0x00
    00000E60                       2263 ___str_16:
    00000E60 45 52 52 4F 52 3A 20  2264 	.ascii "ERROR: Failed loading %s"
             46 61 69 6C 65 64 20
             6C 6F 61 64 69 6E 67
             20 25 73
    00000E78 0A                    2265 	.db 0x0a
    00000E79 0D                    2266 	.db 0x0d
    00000E7A 00                    2267 	.db 0x00
    00000E7B                       2268 ___str_17:
    00000E7B 45 52 52 4F 52 3A 20  2269 	.ascii "ERROR: LINEAR ROM has no AB header"
             4C 49 4E 45 41 52 20
             52 4F 4D 20 68 61 73
             20 6E 6F 20 41 42 20
             68 65 61 64 65 72
    00000E9D 0A                    2270 	.db 0x0a
    00000E9E 0D                    2271 	.db 0x0d
    00000E9F 00                    2272 	.db 0x00
    00000EA0                       2273 ___str_18:
    00000EA0 45 52 52 4F 52 3A 20  2274 	.ascii "ERROR: LINEAR ROM does not fit at 0x%04x"
             4C 49 4E 45 41 52 20
             52 4F 4D 20 64 6F 65
             73 20 6E 6F 74 20 66
             69 74 20 61 74 20 30
             78 25 30 34 78
    00000EC8 0A                    2275 	.db 0x0a
    00000EC9 0D                    2276 	.db 0x0d
    00000ECA 00                    2277 	.db 0x00
    00000ECB                       2278 ___str_19:
    00000ECB 0A                    2279 	.db 0x0a
    00000ECC 0D                    2280 	.db 0x0d
    00000ECD 52 4F 4D 20 6C 6F 61  2281 	.ascii "ROM loaded; returning to DOS."
             64 65 64 3B 20 72 65
             74 75 72 6E 69 6E 67
             20 74 6F 20 44 4F 53
             2E
    00000EEA 0A                    2282 	.db 0x0a
    00000EEB 0D                    2283 	.db 0x0d
    00000EEC 00                    2284 	.db 0x00
    00000EED                       2285 ___str_20:
    00000EED 0A                    2286 	.db 0x0a
    00000EEE 0D                    2287 	.db 0x0d
    00000EEF 0A                    2288 	.db 0x0a
    00000EF0 0D                    2289 	.db 0x0d
    00000EF1 53 74 61 72 74 20 61  2290 	.ascii "Start address: 0x%04x (page %d)"
             64 64 72 65 73 73 3A
             20 30 78 25 30 34 78
             20 28 70 61 67 65 20
             25 64 29
    00000F10 0A                    2291 	.db 0x0a
    00000F11 0D                    2292 	.db 0x0d
    00000F12 00                    2293 	.db 0x00
                                   2294 	.area _CODE
                                   2295 	.area _INITIALIZER
    00000000                       2296 __xinit__found:
    00000000 00                    2297 	.db #0x00	; 0
    00000001                       2298 __xinit__filename:
    00000001 00 00                 2299 	.dw #0x0000
    00000003                       2300 __xinit__megaram_type:
    00000003 00 00                 2301 	.dw #0x0000
    00000005                       2302 __xinit__paramlen:
    00000005 00                    2303 	.db #0x00	; 0
    00000006                       2304 __xinit__presAB:
    00000006 00                    2305 	.db #0x00	; 0
    00000007                       2306 __xinit__softReset:
    00000007 00                    2307 	.db #0x00	; 0
    00000008                       2308 __xinit__mapperSpecified:
    00000008 00                    2309 	.db #0x00	; 0
    00000009                       2310 __xinit__headerValid:
    00000009 00                    2311 	.db #0x00	; 0
    0000000A                       2312 __xinit__linearHeaderValid:
    0000000A 00                    2313 	.db #0x00	; 0
    0000000B                       2314 __xinit__exitAfterLoad:
    0000000B 00                    2315 	.db #0x00	; 0
    0000000C                       2316 __xinit__stepDebug:
    0000000C 00                    2317 	.db #0x00	; 0
    0000000D                       2318 __xinit__breakpointAddressSpecified:
    0000000D 00                    2319 	.db #0x00	; 0
    0000000E                       2320 __xinit__cpumode:
    0000000E 01                    2321 	.db #0x01	; 1
    0000000F                       2322 __xinit__startpage:
    0000000F 01                    2323 	.db #0x01	; 1
    00000010                       2324 __xinit__loadpage:
    00000010 00                    2325 	.db #0x00	; 0
    00000011                       2326 __xinit__help:
    00000011 00                    2327 	.db #0x00	; 0
    00000012                       2328 __xinit__scc_vol:
    00000012 09                    2329 	.db #0x09	; 9
    00000013                       2330 __xinit__psg_vol:
    00000013 09                    2331 	.db #0x09	; 9
    00000014                       2332 __xinit__opll_vol:
    00000014 09                    2333 	.db #0x09	; 9
                                   2334 	.area _CABS (ABS)
